CREATE DATABASE  IF NOT EXISTS `fms`;
use fms;
-- DROP TABLE IF EXISTS `batch_job_execution`;
/*!40101 SET @saved_cs_client     = @@character_set_client */;
/*!50503 SET character_set_client = utf8mb4 */;
CREATE TABLE `batch_job_execution` (
  `JOB_EXECUTION_ID` bigint NOT NULL,
  `VERSION` bigint DEFAULT NULL,
  `JOB_INSTANCE_ID` bigint NOT NULL,
  `CREATE_TIME` datetime NOT NULL,
  `START_TIME` datetime DEFAULT NULL,
  `END_TIME` datetime DEFAULT NULL,
  `STATUS` varchar(10) DEFAULT NULL,
  `EXIT_CODE` varchar(2500) DEFAULT NULL,
  `EXIT_MESSAGE` varchar(2500) DEFAULT NULL,
  `LAST_UPDATED` datetime DEFAULT NULL,
  `JOB_CONFIGURATION_LOCATION` varchar(2500) DEFAULT NULL,
  PRIMARY KEY (`JOB_EXECUTION_ID`),
  KEY `JOB_INST_EXEC_FK` (`JOB_INSTANCE_ID`),
  CONSTRAINT `JOB_INST_EXEC_FK` FOREIGN KEY (`JOB_INSTANCE_ID`) REFERENCES `batch_job_instance` (`JOB_INSTANCE_ID`)
);
/*!40101 SET character_set_client = @saved_cs_client */;

--
-- Dumping data for table `batch_job_execution`
--

LOCK TABLES `batch_job_execution` WRITE;
/*!40000 ALTER TABLE `batch_job_execution` DISABLE KEYS */;
INSERT INTO `batch_job_execution` VALUES (1,2,1,'2020-03-16 03:19:50','2020-03-16 03:19:50','2020-03-16 03:19:51','FAILED','FAILED','','2020-03-16 03:19:51',NULL),(2,2,2,'2020-03-16 03:22:33','2020-03-16 03:22:33','2020-03-16 03:22:33','FAILED','FAILED','','2020-03-16 03:22:33',NULL),(3,2,3,'2020-03-16 03:24:43','2020-03-16 03:24:43','2020-03-16 03:24:43','FAILED','FAILED','','2020-03-16 03:24:43',NULL),(4,2,4,'2020-03-16 03:27:03','2020-03-16 03:27:03','2020-03-16 03:27:03','FAILED','FAILED','','2020-03-16 03:27:03',NULL),(5,2,5,'2020-03-16 03:30:53','2020-03-16 03:30:53','2020-03-16 03:31:00','FAILED','FAILED','','2020-03-16 03:31:00',NULL),(6,2,6,'2020-03-16 03:35:04','2020-03-16 03:35:04','2020-03-16 03:35:04','FAILED','FAILED','','2020-03-16 03:35:04',NULL),(7,2,7,'2020-03-16 03:38:47','2020-03-16 03:38:47','2020-03-16 03:38:47','FAILED','FAILED','','2020-03-16 03:38:47',NULL),(8,2,8,'2020-03-16 03:38:57','2020-03-16 03:38:57','2020-03-16 03:38:58','FAILED','FAILED','','2020-03-16 03:38:58',NULL),(9,2,9,'2020-03-16 03:42:50','2020-03-16 03:42:50','2020-03-16 03:42:51','FAILED','FAILED','','2020-03-16 03:42:51',NULL),(10,2,10,'2020-03-16 03:45:33','2020-03-16 03:45:33','2020-03-16 03:45:33','FAILED','FAILED','','2020-03-16 03:45:33',NULL),(11,2,11,'2020-03-16 03:45:48','2020-03-16 03:45:48','2020-03-16 03:45:49','FAILED','FAILED','','2020-03-16 03:45:49',NULL),(12,2,12,'2020-03-16 15:13:15','2020-03-16 15:13:15','2020-03-16 15:13:15','FAILED','FAILED','','2020-03-16 15:13:15',NULL),(13,2,13,'2020-03-16 17:35:15','2020-03-16 17:35:15','2020-03-16 17:35:16','FAILED','FAILED','','2020-03-16 17:35:16',NULL),(14,2,14,'2020-03-16 17:37:13','2020-03-16 17:37:13','2020-03-16 17:37:14','FAILED','FAILED','','2020-03-16 17:37:14',NULL),(15,2,15,'2020-03-16 17:40:23','2020-03-16 17:40:23','2020-03-16 17:40:23','COMPLETED','COMPLETED','','2020-03-16 17:40:23',NULL),(16,2,16,'2020-03-16 17:42:58','2020-03-16 17:42:58','2020-03-16 17:42:58','COMPLETED','COMPLETED','','2020-03-16 17:42:58',NULL),(17,2,17,'2020-03-17 01:46:25','2020-03-17 01:46:27','2020-03-17 01:46:30','FAILED','FAILED','','2020-03-17 01:46:30',NULL),(18,2,18,'2020-03-17 01:47:27','2020-03-17 01:47:27','2020-03-17 01:47:27','FAILED','FAILED','','2020-03-17 01:47:27',NULL),(19,2,19,'2020-03-17 01:47:30','2020-03-17 01:47:30','2020-03-17 01:47:30','FAILED','FAILED','','2020-03-17 01:47:30',NULL),(20,2,20,'2020-03-17 01:48:41','2020-03-17 01:48:41','2020-03-17 01:49:34','FAILED','FAILED','','2020-03-17 01:49:34',NULL),(21,2,21,'2020-03-17 01:51:37','2020-03-17 01:51:37','2020-03-17 01:51:40','FAILED','FAILED','','2020-03-17 01:51:40',NULL),(22,2,22,'2020-03-17 02:02:07','2020-03-17 02:02:07','2020-03-17 02:02:26','COMPLETED','COMPLETED','','2020-03-17 02:02:26',NULL),(23,2,23,'2020-03-17 02:03:03','2020-03-17 02:03:03','2020-03-17 02:03:05','COMPLETED','COMPLETED','','2020-03-17 02:03:05',NULL),(24,2,24,'2020-03-17 02:03:11','2020-03-17 02:03:11','2020-03-17 02:03:12','FAILED','FAILED','','2020-03-17 02:03:12',NULL),(25,2,25,'2020-03-17 02:03:22','2020-03-17 02:03:22','2020-03-17 02:03:22','FAILED','FAILED','','2020-03-17 02:03:22',NULL),(26,2,26,'2020-03-17 02:06:18','2020-03-17 02:06:18','2020-03-17 02:06:18','COMPLETED','COMPLETED','','2020-03-17 02:06:18',NULL),(27,2,27,'2020-03-17 02:06:18','2020-03-17 02:06:18','2020-03-17 02:06:18','COMPLETED','COMPLETED','','2020-03-17 02:06:18',NULL),(28,2,28,'2020-03-17 02:13:09','2020-03-17 02:13:09','2020-03-17 02:13:09','COMPLETED','COMPLETED','','2020-03-17 02:13:09',NULL),(29,2,29,'2020-03-17 02:13:09','2020-03-17 02:13:09','2020-03-17 02:13:09','COMPLETED','COMPLETED','','2020-03-17 02:13:09',NULL),(30,2,30,'2020-03-17 02:19:42','2020-03-17 02:19:42','2020-03-17 02:21:58','COMPLETED','COMPLETED','','2020-03-17 02:21:59',NULL),(31,2,31,'2020-03-17 02:22:13','2020-03-17 02:22:13','2020-03-17 02:22:18','COMPLETED','COMPLETED','','2020-03-17 02:22:18',NULL),(32,2,32,'2020-03-17 02:23:44','2020-03-17 02:23:44','2020-03-17 02:23:45','COMPLETED','COMPLETED','','2020-03-17 02:23:45',NULL),(33,2,33,'2020-03-17 02:23:44','2020-03-17 02:23:44','2020-03-17 02:23:46','COMPLETED','COMPLETED','','2020-03-17 02:23:46',NULL),(34,2,34,'2020-03-17 02:27:05','2020-03-17 02:27:07','2020-03-17 02:27:37','COMPLETED','COMPLETED','','2020-03-17 02:27:37',NULL),(35,2,35,'2020-03-17 02:30:31','2020-03-17 02:30:31','2020-03-17 02:30:31','FAILED','FAILED','','2020-03-17 02:30:31',NULL),(36,2,36,'2020-03-17 02:32:07','2020-03-17 02:32:07','2020-03-17 02:32:13','COMPLETED','COMPLETED','','2020-03-17 02:32:13',NULL),(37,2,37,'2020-03-17 02:35:35','2020-03-17 02:35:36','2020-03-17 02:35:36','COMPLETED','COMPLETED','','2020-03-17 02:35:36',NULL),(38,2,38,'2020-03-17 02:37:54','2020-03-17 02:37:54','2020-03-17 02:37:54','COMPLETED','COMPLETED','','2020-03-17 02:37:54',NULL),(39,2,39,'2020-03-17 02:44:02','2020-03-17 02:44:02','2020-03-17 02:44:02','COMPLETED','COMPLETED','','2020-03-17 02:44:02',NULL),(40,2,40,'2020-03-17 02:46:51','2020-03-17 02:46:51','2020-03-17 02:46:57','COMPLETED','COMPLETED','','2020-03-17 02:46:57',NULL),(41,2,41,'2020-03-17 02:50:58','2020-03-17 02:50:58','2020-03-17 02:51:43','COMPLETED','COMPLETED','','2020-03-17 02:51:43',NULL),(42,2,42,'2020-03-17 02:51:43','2020-03-17 02:51:43','2020-03-17 02:51:44','COMPLETED','COMPLETED','','2020-03-17 02:51:44',NULL),(43,2,43,'2020-03-17 02:51:44','2020-03-17 02:51:44','2020-03-17 02:51:44','COMPLETED','COMPLETED','','2020-03-17 02:51:44',NULL),(44,2,44,'2020-03-17 02:51:44','2020-03-17 02:51:44','2020-03-17 02:51:45','COMPLETED','COMPLETED','','2020-03-17 02:51:45',NULL),(45,2,45,'2020-03-17 02:52:04','2020-03-17 02:52:04','2020-03-17 02:52:10','COMPLETED','COMPLETED','','2020-03-17 02:52:10',NULL),(46,2,46,'2020-03-17 02:52:10','2020-03-17 02:52:10','2020-03-17 02:52:11','COMPLETED','COMPLETED','','2020-03-17 02:52:11',NULL),(47,2,47,'2020-03-17 02:52:53','2020-03-17 02:52:53','2020-03-17 02:52:53','COMPLETED','COMPLETED','','2020-03-17 02:52:53',NULL),(48,2,48,'2020-03-17 02:54:38','2020-03-17 02:54:38','2020-03-17 02:54:38','COMPLETED','COMPLETED','','2020-03-17 02:54:38',NULL),(49,2,49,'2020-03-17 02:57:08','2020-03-17 02:57:08','2020-03-17 02:57:08','COMPLETED','COMPLETED','','2020-03-17 02:57:08',NULL),(50,2,50,'2020-03-17 02:59:55','2020-03-17 02:59:55','2020-03-17 03:00:13','COMPLETED','COMPLETED','','2020-03-17 03:00:13',NULL),(51,2,51,'2020-03-17 03:04:47','2020-03-17 03:04:47','2020-03-17 03:04:48','COMPLETED','COMPLETED','','2020-03-17 03:04:48',NULL),(52,2,52,'2020-03-17 03:06:08','2020-03-17 03:06:08','2020-03-17 03:06:08','FAILED','FAILED','','2020-03-17 03:06:08',NULL),(53,2,53,'2020-03-17 03:11:33','2020-03-17 03:11:33','2020-03-17 03:11:40','COMPLETED','COMPLETED','','2020-03-17 03:11:40',NULL),(54,2,54,'2020-03-17 03:12:27','2020-03-17 03:12:27','2020-03-17 03:12:35','COMPLETED','COMPLETED','','2020-03-17 03:12:35',NULL),(55,2,55,'2020-03-17 03:13:34','2020-03-17 03:13:34','2020-03-17 03:13:34','COMPLETED','COMPLETED','','2020-03-17 03:13:34',NULL),(56,2,56,'2020-03-17 03:20:48','2020-03-17 03:20:48','2020-03-17 03:20:48','COMPLETED','COMPLETED','','2020-03-17 03:20:48',NULL),(57,2,57,'2020-03-17 03:23:47','2020-03-17 03:23:47','2020-03-17 03:23:47','COMPLETED','COMPLETED','','2020-03-17 03:23:47',NULL),(58,2,58,'2020-03-17 03:28:05','2020-03-17 03:28:05','2020-03-17 03:28:05','FAILED','FAILED','','2020-03-17 03:28:05',NULL),(59,2,59,'2020-03-17 03:28:48','2020-03-17 03:28:48','2020-03-17 03:28:48','FAILED','FAILED','','2020-03-17 03:28:48',NULL),(60,2,60,'2020-03-17 03:30:01','2020-03-17 03:30:01','2020-03-17 03:30:34','FAILED','FAILED','','2020-03-17 03:30:34',NULL),(61,2,61,'2020-03-17 04:13:32','2020-03-17 04:13:32','2020-03-17 04:13:33','COMPLETED','COMPLETED','','2020-03-17 04:13:33',NULL),(62,2,62,'2020-03-17 04:17:27','2020-03-17 04:17:27','2020-03-17 04:17:27','FAILED','FAILED','','2020-03-17 04:17:27',NULL),(63,2,63,'2020-03-17 04:18:08','2020-03-17 04:18:08','2020-03-17 04:18:08','FAILED','FAILED','','2020-03-17 04:18:08',NULL),(64,2,64,'2020-03-17 04:18:08','2020-03-17 04:18:08','2020-03-17 04:18:08','FAILED','FAILED','','2020-03-17 04:18:08',NULL),(65,2,65,'2020-03-17 04:18:16','2020-03-17 04:18:16','2020-03-17 04:18:16','FAILED','FAILED','','2020-03-17 04:18:16',NULL),(66,2,66,'2020-03-17 04:18:16','2020-03-17 04:18:16','2020-03-17 04:18:16','FAILED','FAILED','','2020-03-17 04:18:16',NULL),(67,2,67,'2020-03-17 04:18:16','2020-03-17 04:18:16','2020-03-17 04:18:16','FAILED','FAILED','','2020-03-17 04:18:16',NULL),(68,2,68,'2020-03-17 04:18:16','2020-03-17 04:18:16','2020-03-17 04:18:17','FAILED','FAILED','','2020-03-17 04:18:17',NULL),(69,2,69,'2020-03-17 04:18:17','2020-03-17 04:18:17','2020-03-17 04:18:17','FAILED','FAILED','','2020-03-17 04:18:17',NULL),(70,2,70,'2020-03-17 04:19:16','2020-03-17 04:19:16','2020-03-17 04:19:16','FAILED','FAILED','','2020-03-17 04:19:16',NULL),(71,2,71,'2020-03-17 04:19:16','2020-03-17 04:19:16','2020-03-17 04:19:16','FAILED','FAILED','','2020-03-17 04:19:16',NULL),(72,2,72,'2020-03-17 04:24:17','2020-03-17 04:24:17','2020-03-17 04:24:17','COMPLETED','COMPLETED','','2020-03-17 04:24:17',NULL),(73,2,73,'2020-03-17 04:24:17','2020-03-17 04:24:17','2020-03-17 04:24:17','COMPLETED','COMPLETED','','2020-03-17 04:24:17',NULL),(74,2,74,'2020-03-17 04:26:29','2020-03-17 04:26:29','2020-03-17 04:26:29','COMPLETED','COMPLETED','','2020-03-17 04:26:29',NULL),(75,2,75,'2020-03-17 04:26:30','2020-03-17 04:26:30','2020-03-17 04:26:30','COMPLETED','COMPLETED','','2020-03-17 04:26:30',NULL),(76,2,76,'2020-03-17 04:30:15','2020-03-17 04:30:15','2020-03-17 04:30:15','COMPLETED','COMPLETED','','2020-03-17 04:30:15',NULL),(77,2,77,'2020-03-17 04:30:15','2020-03-17 04:30:15','2020-03-17 04:30:15','COMPLETED','COMPLETED','','2020-03-17 04:30:15',NULL),(78,2,78,'2020-03-17 04:30:36','2020-03-17 04:30:36','2020-03-17 04:30:36','COMPLETED','COMPLETED','','2020-03-17 04:30:36',NULL),(79,2,79,'2020-03-17 04:31:00','2020-03-17 04:31:01','2020-03-17 04:31:01','COMPLETED','COMPLETED','','2020-03-17 04:31:01',NULL),(80,2,80,'2020-03-17 04:31:01','2020-03-17 04:31:01','2020-03-17 04:31:02','FAILED','FAILED','','2020-03-17 04:31:02',NULL),(81,2,81,'2020-03-17 04:32:45','2020-03-17 04:32:45','2020-03-17 04:32:46','COMPLETED','COMPLETED','','2020-03-17 04:32:46',NULL),(82,2,82,'2020-03-17 04:32:46','2020-03-17 04:32:46','2020-03-17 04:32:46','COMPLETED','COMPLETED','','2020-03-17 04:32:46',NULL),(83,2,83,'2020-03-17 04:32:46','2020-03-17 04:32:46','2020-03-17 04:32:46','COMPLETED','COMPLETED','','2020-03-17 04:32:46',NULL),(84,2,84,'2020-03-17 04:33:10','2020-03-17 04:33:10','2020-03-17 04:33:10','COMPLETED','COMPLETED','','2020-03-17 04:33:10',NULL),(85,2,85,'2020-03-17 04:33:10','2020-03-17 04:33:10','2020-03-17 04:33:11','COMPLETED','COMPLETED','','2020-03-17 04:33:11',NULL),(86,2,86,'2020-03-17 04:33:51','2020-03-17 04:33:51','2020-03-17 04:33:51','COMPLETED','COMPLETED','','2020-03-17 04:33:51',NULL),(87,2,87,'2020-03-17 04:33:51','2020-03-17 04:33:51','2020-03-17 04:33:51','COMPLETED','COMPLETED','','2020-03-17 04:33:51',NULL),(88,2,88,'2020-03-17 04:33:51','2020-03-17 04:33:51','2020-03-17 04:33:51','COMPLETED','COMPLETED','','2020-03-17 04:33:51',NULL),(89,2,89,'2020-03-17 04:33:51','2020-03-17 04:33:51','2020-03-17 04:33:51','COMPLETED','COMPLETED','','2020-03-17 04:33:51',NULL),(90,2,90,'2020-03-17 04:33:51','2020-03-17 04:33:51','2020-03-17 04:33:52','COMPLETED','COMPLETED','','2020-03-17 04:33:52',NULL),(91,2,91,'2020-03-17 04:33:52','2020-03-17 04:33:52','2020-03-17 04:33:52','COMPLETED','COMPLETED','','2020-03-17 04:33:52',NULL),(92,2,92,'2020-03-17 04:33:52','2020-03-17 04:33:52','2020-03-17 04:33:52','COMPLETED','COMPLETED','','2020-03-17 04:33:52',NULL),(93,2,93,'2020-03-17 04:33:52','2020-03-17 04:33:52','2020-03-17 04:33:52','COMPLETED','COMPLETED','','2020-03-17 04:33:52',NULL),(94,2,94,'2020-03-17 04:33:52','2020-03-17 04:33:52','2020-03-17 04:33:52','COMPLETED','COMPLETED','','2020-03-17 04:33:52',NULL),(95,2,95,'2020-03-17 04:33:52','2020-03-17 04:33:52','2020-03-17 04:33:52','COMPLETED','COMPLETED','','2020-03-17 04:33:52',NULL),(96,2,96,'2020-03-17 04:33:52','2020-03-17 04:33:52','2020-03-17 04:33:53','COMPLETED','COMPLETED','','2020-03-17 04:33:53',NULL),(97,2,97,'2020-03-17 04:33:53','2020-03-17 04:33:53','2020-03-17 04:33:53','COMPLETED','COMPLETED','','2020-03-17 04:33:53',NULL),(98,2,98,'2020-03-17 04:33:53','2020-03-17 04:33:53','2020-03-17 04:33:53','COMPLETED','COMPLETED','','2020-03-17 04:33:53',NULL),(99,2,99,'2020-03-17 04:33:53','2020-03-17 04:33:53','2020-03-17 04:33:53','COMPLETED','COMPLETED','','2020-03-17 04:33:53',NULL),(100,2,100,'2020-03-17 04:33:53','2020-03-17 04:33:53','2020-03-17 04:33:53','COMPLETED','COMPLETED','','2020-03-17 04:33:53',NULL),(101,2,101,'2020-03-17 04:33:53','2020-03-17 04:33:53','2020-03-17 04:33:53','COMPLETED','COMPLETED','','2020-03-17 04:33:53',NULL),(102,2,102,'2020-03-17 04:33:53','2020-03-17 04:33:53','2020-03-17 04:33:54','COMPLETED','COMPLETED','','2020-03-17 04:33:54',NULL),(103,2,103,'2020-03-17 04:33:54','2020-03-17 04:33:54','2020-03-17 04:33:54','COMPLETED','COMPLETED','','2020-03-17 04:33:54',NULL),(104,2,104,'2020-03-17 14:40:23','2020-03-17 14:40:23','2020-03-17 14:40:24','COMPLETED','COMPLETED','','2020-03-17 14:40:24',NULL),(105,2,105,'2020-03-17 14:40:24','2020-03-17 14:40:24','2020-03-17 14:40:24','COMPLETED','COMPLETED','','2020-03-17 14:40:24',NULL),(106,2,106,'2020-03-17 16:08:49','2020-03-17 16:08:49','2020-03-17 16:08:51','COMPLETED','COMPLETED','','2020-03-17 16:08:51',NULL),(107,2,107,'2020-03-17 16:08:51','2020-03-17 16:08:51','2020-03-17 16:08:51','COMPLETED','COMPLETED','','2020-03-17 16:08:51',NULL),(108,2,108,'2020-03-17 16:31:43','2020-03-17 16:31:43','2020-03-17 16:31:44','COMPLETED','COMPLETED','','2020-03-17 16:31:44',NULL),(109,2,109,'2020-03-17 16:31:44','2020-03-17 16:31:44','2020-03-17 16:31:44','COMPLETED','COMPLETED','','2020-03-17 16:31:44',NULL),(110,2,110,'2020-03-17 16:32:23','2020-03-17 16:32:23','2020-03-17 16:32:23','COMPLETED','COMPLETED','','2020-03-17 16:32:23',NULL),(111,2,111,'2020-03-17 16:32:23','2020-03-17 16:32:23','2020-03-17 16:32:23','COMPLETED','COMPLETED','','2020-03-17 16:32:23',NULL),(112,2,112,'2020-03-17 16:32:23','2020-03-17 16:32:23','2020-03-17 16:32:23','COMPLETED','COMPLETED','','2020-03-17 16:32:23',NULL),(113,2,113,'2020-03-17 16:32:23','2020-03-17 16:32:23','2020-03-17 16:32:24','COMPLETED','COMPLETED','','2020-03-17 16:32:24',NULL),(114,2,114,'2020-03-17 16:32:24','2020-03-17 16:32:24','2020-03-17 16:32:24','COMPLETED','COMPLETED','','2020-03-17 16:32:24',NULL),(115,2,115,'2020-03-17 16:32:24','2020-03-17 16:32:24','2020-03-17 16:32:24','COMPLETED','COMPLETED','','2020-03-17 16:32:24',NULL),(116,2,116,'2020-03-17 16:32:24','2020-03-17 16:32:24','2020-03-17 16:32:24','COMPLETED','COMPLETED','','2020-03-17 16:32:24',NULL),(117,2,117,'2020-03-17 16:32:24','2020-03-17 16:32:24','2020-03-17 16:32:25','COMPLETED','COMPLETED','','2020-03-17 16:32:25',NULL),(118,2,118,'2020-03-17 16:32:25','2020-03-17 16:32:25','2020-03-17 16:32:25','COMPLETED','COMPLETED','','2020-03-17 16:32:25',NULL),(119,2,119,'2020-03-17 16:32:25','2020-03-17 16:32:25','2020-03-17 16:32:25','COMPLETED','COMPLETED','','2020-03-17 16:32:25',NULL),(120,2,120,'2020-03-17 16:32:25','2020-03-17 16:32:25','2020-03-17 16:32:25','COMPLETED','COMPLETED','','2020-03-17 16:32:25',NULL),(121,2,121,'2020-03-17 16:32:25','2020-03-17 16:32:25','2020-03-17 16:32:26','COMPLETED','COMPLETED','','2020-03-17 16:32:26',NULL),(122,2,122,'2020-03-17 16:39:54','2020-03-17 16:39:54','2020-03-17 16:39:55','COMPLETED','COMPLETED','','2020-03-17 16:39:55',NULL),(123,2,123,'2020-03-17 16:39:55','2020-03-17 16:39:55','2020-03-17 16:39:55','COMPLETED','COMPLETED','','2020-03-17 16:39:55',NULL),(124,2,124,'2020-03-17 16:39:55','2020-03-17 16:39:55','2020-03-17 16:39:55','COMPLETED','COMPLETED','','2020-03-17 16:39:55',NULL),(125,2,125,'2020-03-17 16:42:25','2020-03-17 16:42:25','2020-03-17 16:42:25','FAILED','FAILED','','2020-03-17 16:42:25',NULL),(126,2,126,'2020-03-17 16:42:25','2020-03-17 16:42:25','2020-03-17 16:42:25','FAILED','FAILED','','2020-03-17 16:42:25',NULL),(127,2,127,'2020-03-17 16:43:59','2020-03-17 16:43:59','2020-03-17 16:43:59','COMPLETED','COMPLETED','','2020-03-17 16:43:59',NULL),(128,2,128,'2020-03-17 16:43:59','2020-03-17 16:43:59','2020-03-17 16:43:59','COMPLETED','COMPLETED','','2020-03-17 16:43:59',NULL),(129,2,129,'2020-03-17 16:56:44','2020-03-17 16:56:44','2020-03-17 16:56:52','COMPLETED','COMPLETED','','2020-03-17 16:56:52',NULL),(130,2,130,'2020-03-17 16:56:52','2020-03-17 16:56:52','2020-03-17 16:56:53','COMPLETED','COMPLETED','','2020-03-17 16:56:53',NULL),(131,2,131,'2020-03-17 16:56:54','2020-03-17 16:56:54','2020-03-17 16:56:54','COMPLETED','COMPLETED','','2020-03-17 16:56:54',NULL),(132,2,132,'2020-03-17 16:56:54','2020-03-17 16:56:54','2020-03-17 16:57:03','COMPLETED','COMPLETED','','2020-03-17 16:57:03',NULL),(133,2,133,'2020-03-17 16:57:03','2020-03-17 16:57:03','2020-03-17 16:57:07','COMPLETED','COMPLETED','','2020-03-17 16:57:07',NULL),(134,2,134,'2020-03-17 16:57:07','2020-03-17 16:57:07','2020-03-17 16:57:07','COMPLETED','COMPLETED','','2020-03-17 16:57:07',NULL),(135,2,135,'2020-03-17 16:57:38','2020-03-17 16:57:38','2020-03-17 16:57:57','COMPLETED','COMPLETED','','2020-03-17 16:57:57',NULL),(136,2,136,'2020-03-17 16:57:57','2020-03-17 16:57:57','2020-03-17 16:57:57','COMPLETED','COMPLETED','','2020-03-17 16:57:57',NULL),(137,2,137,'2020-03-17 16:58:29','2020-03-17 16:58:29','2020-03-17 16:58:29','FAILED','FAILED','','2020-03-17 16:58:29',NULL),(138,2,138,'2020-03-17 16:58:29','2020-03-17 16:58:29','2020-03-17 16:58:29','FAILED','FAILED','','2020-03-17 16:58:29',NULL),(139,2,139,'2020-03-17 16:58:43','2020-03-17 16:58:43','2020-03-17 16:58:43','COMPLETED','COMPLETED','','2020-03-17 16:58:43',NULL),(140,2,140,'2020-03-17 16:58:44','2020-03-17 16:58:44','2020-03-17 16:58:44','COMPLETED','COMPLETED','','2020-03-17 16:58:44',NULL),(141,2,141,'2020-03-17 16:58:44','2020-03-17 16:58:44','2020-03-17 16:58:44','COMPLETED','COMPLETED','','2020-03-17 16:58:44',NULL),(142,2,142,'2020-03-17 16:58:44','2020-03-17 16:58:44','2020-03-17 16:58:44','COMPLETED','COMPLETED','','2020-03-17 16:58:44',NULL),(143,2,143,'2020-03-17 16:58:44','2020-03-17 16:58:44','2020-03-17 16:58:45','COMPLETED','COMPLETED','','2020-03-17 16:58:45',NULL),(144,2,144,'2020-03-17 16:58:45','2020-03-17 16:58:45','2020-03-17 16:58:45','COMPLETED','COMPLETED','','2020-03-17 16:58:45',NULL),(145,2,145,'2020-03-17 16:58:53','2020-03-17 16:58:53','2020-03-17 16:58:53','FAILED','FAILED','','2020-03-17 16:58:53',NULL),(146,2,146,'2020-03-17 16:58:53','2020-03-17 16:58:53','2020-03-17 16:58:53','FAILED','FAILED','','2020-03-17 16:58:53',NULL),(147,2,147,'2020-03-17 16:59:06','2020-03-17 16:59:06','2020-03-17 16:59:06','FAILED','FAILED','','2020-03-17 16:59:06',NULL),(148,2,148,'2020-03-17 16:59:06','2020-03-17 16:59:06','2020-03-17 16:59:06','FAILED','FAILED','','2020-03-17 16:59:06',NULL),(149,2,149,'2020-03-17 16:59:06','2020-03-17 16:59:06','2020-03-17 16:59:06','FAILED','FAILED','','2020-03-17 16:59:06',NULL),(150,2,150,'2020-03-17 16:59:06','2020-03-17 16:59:06','2020-03-17 16:59:12','COMPLETED','COMPLETED','','2020-03-17 16:59:12',NULL),(151,2,151,'2020-03-17 16:59:12','2020-03-17 16:59:12','2020-03-17 16:59:12','COMPLETED','COMPLETED','','2020-03-17 16:59:12',NULL),(152,2,152,'2020-03-17 17:38:22','2020-03-17 17:38:22','2020-03-17 17:38:23','COMPLETED','COMPLETED','','2020-03-17 17:38:23',NULL),(153,2,153,'2020-03-17 17:38:23','2020-03-17 17:38:23','2020-03-17 17:38:23','COMPLETED','COMPLETED','','2020-03-17 17:38:23',NULL),(154,2,154,'2020-03-17 17:38:51','2020-03-17 17:38:51','2020-03-17 17:38:51','FAILED','FAILED','','2020-03-17 17:38:51',NULL),(155,2,155,'2020-03-17 17:38:51','2020-03-17 17:38:51','2020-03-17 17:38:51','FAILED','FAILED','','2020-03-17 17:38:51',NULL),(156,2,156,'2020-03-17 17:40:06','2020-03-17 17:40:06','2020-03-17 17:40:06','FAILED','FAILED','','2020-03-17 17:40:06',NULL),(157,2,157,'2020-03-17 17:40:06','2020-03-17 17:40:06','2020-03-17 17:40:06','FAILED','FAILED','','2020-03-17 17:40:06',NULL),(158,2,158,'2020-03-17 17:40:06','2020-03-17 17:40:06','2020-03-17 17:40:06','FAILED','FAILED','','2020-03-17 17:40:06',NULL),(159,2,159,'2020-03-17 17:40:06','2020-03-17 17:40:06','2020-03-17 17:40:07','COMPLETED','COMPLETED','','2020-03-17 17:40:07',NULL),(160,2,160,'2020-03-17 17:40:07','2020-03-17 17:40:07','2020-03-17 17:40:07','COMPLETED','COMPLETED','','2020-03-17 17:40:07',NULL),(161,2,161,'2020-03-17 18:26:30','2020-03-17 18:26:30','2020-03-17 18:26:30','FAILED','FAILED','','2020-03-17 18:26:30',NULL),(162,2,162,'2020-03-17 18:26:30','2020-03-17 18:26:30','2020-03-17 18:26:30','FAILED','FAILED','','2020-03-17 18:26:30',NULL),(163,2,163,'2020-03-17 18:26:30','2020-03-17 18:26:30','2020-03-17 18:26:30','FAILED','FAILED','','2020-03-17 18:26:30',NULL),(164,2,164,'2020-03-17 18:26:30','2020-03-17 18:26:30','2020-03-17 18:29:38','COMPLETED','COMPLETED','','2020-03-17 18:29:38',NULL),(165,2,165,'2020-03-17 18:29:38','2020-03-17 18:29:38','2020-03-17 18:29:38','COMPLETED','COMPLETED','','2020-03-17 18:29:38',NULL),(166,2,166,'2020-03-17 18:29:53','2020-03-17 18:29:53','2020-03-17 18:29:53','FAILED','FAILED','','2020-03-17 18:29:53',NULL),(167,2,167,'2020-03-17 18:29:53','2020-03-17 18:29:53','2020-03-17 18:29:53','FAILED','FAILED','','2020-03-17 18:29:53',NULL),(168,2,168,'2020-03-17 18:29:53','2020-03-17 18:29:53','2020-03-17 18:29:53','FAILED','FAILED','','2020-03-17 18:29:53',NULL),(169,2,169,'2020-03-17 18:29:53','2020-03-17 18:29:53','2020-03-17 18:29:53','COMPLETED','COMPLETED','','2020-03-17 18:29:53',NULL),(170,2,170,'2020-03-17 18:29:53','2020-03-17 18:29:53','2020-03-17 18:29:53','COMPLETED','COMPLETED','','2020-03-17 18:29:53',NULL),(171,2,171,'2020-03-17 18:38:03','2020-03-17 18:38:03','2020-03-17 18:38:04','COMPLETED','COMPLETED','','2020-03-17 18:38:04',NULL),(172,2,172,'2020-03-17 18:38:04','2020-03-17 18:38:04','2020-03-17 18:38:04','COMPLETED','COMPLETED','','2020-03-17 18:38:04',NULL),(173,2,173,'2020-04-01 08:55:00','2020-04-01 08:55:00','2020-04-01 08:55:00','FAILED','FAILED','','2020-04-01 08:55:00',NULL),(174,2,174,'2020-04-01 08:55:00','2020-04-01 08:55:00','2020-04-01 08:55:00','FAILED','FAILED','','2020-04-01 08:55:00',NULL),(175,2,175,'2020-04-01 08:55:00','2020-04-01 08:55:00','2020-04-01 08:55:00','FAILED','FAILED','','2020-04-01 08:55:00',NULL),(176,2,176,'2020-04-02 00:01:18','2020-04-02 00:01:18','2020-04-02 00:01:18','FAILED','FAILED','','2020-04-02 00:01:18',NULL),(177,2,177,'2020-04-02 00:01:18','2020-04-02 00:01:18','2020-04-02 00:01:18','FAILED','FAILED','','2020-04-02 00:01:18',NULL),(178,2,178,'2020-04-02 00:01:18','2020-04-02 00:01:18','2020-04-02 00:01:19','FAILED','FAILED','','2020-04-02 00:01:19',NULL);
/*!40000 ALTER TABLE `batch_job_execution` ENABLE KEYS */;
UNLOCK TABLES;

--
-- Table structure for table `batch_job_execution_context`
--

-- DROP TABLE IF EXISTS `batch_job_execution_context`;
/*!40101 SET @saved_cs_client     = @@character_set_client */;
/*!50503 SET character_set_client = utf8mb4 */;
CREATE TABLE `batch_job_execution_context` (
  `JOB_EXECUTION_ID` bigint NOT NULL,
  `SHORT_CONTEXT` varchar(2500) NOT NULL,
  `SERIALIZED_CONTEXT` text,
  PRIMARY KEY (`JOB_EXECUTION_ID`),
  CONSTRAINT `JOB_EXEC_CTX_FK` FOREIGN KEY (`JOB_EXECUTION_ID`) REFERENCES `batch_job_execution` (`JOB_EXECUTION_ID`)
);
/*!40101 SET character_set_client = @saved_cs_client */;

--
-- Dumping data for table `batch_job_execution_context`
--

LOCK TABLES `batch_job_execution_context` WRITE;
/*!40000 ALTER TABLE `batch_job_execution_context` DISABLE KEYS */;
INSERT INTO `batch_job_execution_context` VALUES (1,'{}',NULL),(2,'{}',NULL),(3,'{}',NULL),(4,'{}',NULL),(5,'{}',NULL),(6,'{}',NULL),(7,'{}',NULL),(8,'{}',NULL),(9,'{}',NULL),(10,'{}',NULL),(11,'{}',NULL),(12,'{}',NULL),(13,'{}',NULL),(14,'{}',NULL),(15,'{}',NULL),(16,'{}',NULL),(17,'{}',NULL),(18,'{}',NULL),(19,'{}',NULL),(20,'{}',NULL),(21,'{}',NULL),(22,'{}',NULL),(23,'{}',NULL),(24,'{}',NULL),(25,'{}',NULL),(26,'{}',NULL),(27,'{}',NULL),(28,'{}',NULL),(29,'{}',NULL),(30,'{}',NULL),(31,'{}',NULL),(32,'{}',NULL),(33,'{}',NULL),(34,'{}',NULL),(35,'{}',NULL),(36,'{}',NULL),(37,'{}',NULL),(38,'{}',NULL),(39,'{}',NULL),(40,'{}',NULL),(41,'{}',NULL),(42,'{}',NULL),(43,'{}',NULL),(44,'{}',NULL),(45,'{}',NULL),(46,'{}',NULL),(47,'{}',NULL),(48,'{}',NULL),(49,'{}',NULL),(50,'{}',NULL),(51,'{}',NULL),(52,'{}',NULL),(53,'{}',NULL),(54,'{}',NULL),(55,'{}',NULL),(56,'{}',NULL),(57,'{}',NULL),(58,'{}',NULL),(59,'{}',NULL),(60,'{}',NULL),(61,'{}',NULL),(62,'{}',NULL),(63,'{}',NULL),(64,'{}',NULL),(65,'{}',NULL),(66,'{}',NULL),(67,'{}',NULL),(68,'{}',NULL),(69,'{}',NULL),(70,'{}',NULL),(71,'{}',NULL),(72,'{}',NULL),(73,'{}',NULL),(74,'{}',NULL),(75,'{}',NULL),(76,'{}',NULL),(77,'{}',NULL),(78,'{}',NULL),(79,'{}',NULL),(80,'{}',NULL),(81,'{}',NULL),(82,'{}',NULL),(83,'{}',NULL),(84,'{}',NULL),(85,'{}',NULL),(86,'{}',NULL),(87,'{}',NULL),(88,'{}',NULL),(89,'{}',NULL),(90,'{}',NULL),(91,'{}',NULL),(92,'{}',NULL),(93,'{}',NULL),(94,'{}',NULL),(95,'{}',NULL),(96,'{}',NULL),(97,'{}',NULL),(98,'{}',NULL),(99,'{}',NULL),(100,'{}',NULL),(101,'{}',NULL),(102,'{}',NULL),(103,'{}',NULL),(104,'{}',NULL),(105,'{}',NULL),(106,'{}',NULL),(107,'{}',NULL),(108,'{}',NULL),(109,'{}',NULL),(110,'{}',NULL),(111,'{}',NULL),(112,'{}',NULL),(113,'{}',NULL),(114,'{}',NULL),(115,'{}',NULL),(116,'{}',NULL),(117,'{}',NULL),(118,'{}',NULL),(119,'{}',NULL),(120,'{}',NULL),(121,'{}',NULL),(122,'{}',NULL),(123,'{}',NULL),(124,'{}',NULL),(125,'{}',NULL),(126,'{}',NULL),(127,'{}',NULL),(128,'{}',NULL),(129,'{}',NULL),(130,'{}',NULL),(131,'{}',NULL),(132,'{}',NULL),(133,'{}',NULL),(134,'{}',NULL),(135,'{}',NULL),(136,'{}',NULL),(137,'{}',NULL),(138,'{}',NULL),(139,'{}',NULL),(140,'{}',NULL),(141,'{}',NULL),(142,'{}',NULL),(143,'{}',NULL),(144,'{}',NULL),(145,'{}',NULL),(146,'{}',NULL),(147,'{}',NULL),(148,'{}',NULL),(149,'{}',NULL),(150,'{}',NULL),(151,'{}',NULL),(152,'{}',NULL),(153,'{}',NULL),(154,'{}',NULL),(155,'{}',NULL),(156,'{}',NULL),(157,'{}',NULL),(158,'{}',NULL),(159,'{}',NULL),(160,'{}',NULL),(161,'{}',NULL),(162,'{}',NULL),(163,'{}',NULL),(164,'{}',NULL),(165,'{}',NULL),(166,'{}',NULL),(167,'{}',NULL),(168,'{}',NULL),(169,'{}',NULL),(170,'{}',NULL),(171,'{}',NULL),(172,'{}',NULL),(173,'{}',NULL),(174,'{}',NULL),(175,'{}',NULL),(176,'{}',NULL),(177,'{}',NULL),(178,'{}',NULL);
/*!40000 ALTER TABLE `batch_job_execution_context` ENABLE KEYS */;
UNLOCK TABLES;

--
-- Table structure for table `batch_job_execution_params`
--

-- DROP TABLE IF EXISTS `batch_job_execution_params`;
/*!40101 SET @saved_cs_client     = @@character_set_client */;
/*!50503 SET character_set_client = utf8mb4 */;
CREATE TABLE `batch_job_execution_params` (
  `JOB_EXECUTION_ID` bigint NOT NULL,
  `TYPE_CD` varchar(6) NOT NULL,
  `KEY_NAME` varchar(100) NOT NULL,
  `STRING_VAL` varchar(250) DEFAULT NULL,
  `DATE_VAL` datetime DEFAULT NULL,
  `LONG_VAL` bigint DEFAULT NULL,
  `DOUBLE_VAL` double DEFAULT NULL,
  `IDENTIFYING` char(1) NOT NULL,
  KEY `JOB_EXEC_PARAMS_FK` (`JOB_EXECUTION_ID`),
  CONSTRAINT `JOB_EXEC_PARAMS_FK` FOREIGN KEY (`JOB_EXECUTION_ID`) REFERENCES `batch_job_execution` (`JOB_EXECUTION_ID`)
);
/*!40101 SET character_set_client = @saved_cs_client */;

--
-- Dumping data for table `batch_job_execution_params`
--

LOCK TABLES `batch_job_execution_params` WRITE;
/*!40000 ALTER TABLE `batch_job_execution_params` DISABLE KEYS */;
INSERT INTO `batch_job_execution_params` VALUES (34,'DATE','currentTime','','2020-03-17 02:27:04',0,0,'Y'),(34,'STRING','inputFilePath','C:\\mywork\\Uploads\\EventSummaryUpload\\event-summary.xlsx','1970-01-01 05:30:00',0,0,'Y'),(35,'DATE','currentTime','','2020-03-17 02:30:31',0,0,'Y'),(35,'STRING','inputFilePath','C:\\mywork\\Uploads\\EventSummaryUpload\\event-summary.xlsx','1970-01-01 05:30:00',0,0,'Y'),(36,'DATE','currentTime','','2020-03-17 02:32:07',0,0,'Y'),(36,'STRING','inputFilePath','C:\\mywork\\Uploads\\EventSummaryUpload\\event-summary.xlsx','1970-01-01 05:30:00',0,0,'Y'),(37,'DATE','currentTime','','2020-03-17 02:35:35',0,0,'Y'),(37,'STRING','inputFilePath','C:\\mywork\\Uploads\\EventSummaryUpload\\event-summary.xlsx','1970-01-01 05:30:00',0,0,'Y'),(38,'DATE','currentTime','','2020-03-17 02:37:54',0,0,'Y'),(38,'STRING','inputFilePath','C:\\mywork\\Uploads\\EventSummaryUpload\\event-summary.xlsx','1970-01-01 05:30:00',0,0,'Y'),(39,'DATE','currentTime','','2020-03-17 02:44:02',0,0,'Y'),(39,'STRING','inputFilePath','C:\\mywork\\Uploads\\EventSummaryUpload\\event-summary.xlsx','1970-01-01 05:30:00',0,0,'Y'),(40,'DATE','currentTime','','2020-03-17 02:46:51',0,0,'Y'),(40,'STRING','inputFilePath','C:\\mywork\\Uploads\\EventSummaryUpload\\event-summary.xlsx','1970-01-01 05:30:00',0,0,'Y'),(41,'DATE','currentTime','','2020-03-17 02:50:58',0,0,'Y'),(41,'STRING','inputFilePath','C:\\mywork\\Uploads\\EventSummaryUpload\\~$event-summary.xlsx','1970-01-01 05:30:00',0,0,'Y'),(42,'DATE','currentTime','','2020-03-17 02:51:43',0,0,'Y'),(42,'STRING','inputFilePath','C:\\mywork\\Uploads\\EventSummaryUpload\\~$event-summary.xlsx','1970-01-01 05:30:00',0,0,'Y'),(43,'DATE','currentTime','','2020-03-17 02:51:44',0,0,'Y'),(43,'STRING','inputFilePath','C:\\mywork\\Uploads\\EventSummaryUpload\\6CA12A10','1970-01-01 05:30:00',0,0,'Y'),(44,'DATE','currentTime','','2020-03-17 02:51:44',0,0,'Y'),(44,'STRING','inputFilePath','C:\\mywork\\Uploads\\EventSummaryUpload\\6CA12A10','1970-01-01 05:30:00',0,0,'Y'),(45,'DATE','currentTime','','2020-03-17 02:52:04',0,0,'Y'),(45,'STRING','inputFilePath','C:\\mywork\\Uploads\\EventSummaryUpload\\~$6CA12A10','1970-01-01 05:30:00',0,0,'Y'),(46,'DATE','currentTime','','2020-03-17 02:52:10',0,0,'Y'),(46,'STRING','inputFilePath','C:\\mywork\\Uploads\\EventSummaryUpload\\~$6CA12A10','1970-01-01 05:30:00',0,0,'Y'),(47,'DATE','currentTime','','2020-03-17 02:52:53',0,0,'Y'),(47,'STRING','inputFilePath','C:\\mywork\\Uploads\\EventSummaryUpload\\event-summary.xlsx','1970-01-01 05:30:00',0,0,'Y'),(48,'DATE','currentTime','','2020-03-17 02:54:38',0,0,'Y'),(48,'STRING','inputFilePath','C:\\mywork\\Uploads\\EventSummaryUpload\\event-summary.xlsx','1970-01-01 05:30:00',0,0,'Y'),(49,'DATE','currentTime','','2020-03-17 02:57:08',0,0,'Y'),(49,'STRING','inputFilePath','C:\\mywork\\event-summary.xlsx','1970-01-01 05:30:00',0,0,'Y'),(50,'DATE','currentTime','','2020-03-17 02:59:55',0,0,'Y'),(50,'STRING','inputFilePath','C:\\mywork\\event-summary.xlsx','1970-01-01 05:30:00',0,0,'Y'),(51,'DATE','currentTime','','2020-03-17 03:04:47',0,0,'Y'),(51,'STRING','inputFilePath','C:\\mywork\\event-summary.xlsx','1970-01-01 05:30:00',0,0,'Y'),(52,'DATE','currentTime','','2020-03-17 03:06:08',0,0,'Y'),(52,'STRING','inputFilePath','C:\\mywork\\event-summary.xlsx','1970-01-01 05:30:00',0,0,'Y'),(53,'DATE','currentTime','','2020-03-17 03:11:33',0,0,'Y'),(53,'STRING','inputFilePath','C:\\mywork\\event-summary.xlsx','1970-01-01 05:30:00',0,0,'Y'),(54,'DATE','currentTime','','2020-03-17 03:12:27',0,0,'Y'),(54,'STRING','inputFilePath','C:\\mywork\\event-summary.xlsx','1970-01-01 05:30:00',0,0,'Y'),(55,'DATE','currentTime','','2020-03-17 03:13:34',0,0,'Y'),(55,'STRING','inputFilePath','C:\\mywork\\event-summary.xlsx','1970-01-01 05:30:00',0,0,'Y'),(56,'DATE','currentTime','','2020-03-17 03:20:48',0,0,'Y'),(56,'STRING','inputFilePath','C:\\mywork\\event-summary.xlsx','1970-01-01 05:30:00',0,0,'Y'),(57,'DATE','currentTime','','2020-03-17 03:23:47',0,0,'Y'),(57,'STRING','inputFilePath','C:\\mywork\\event-summary.xlsx','1970-01-01 05:30:00',0,0,'Y'),(58,'DATE','currentTime','','2020-03-17 03:28:05',0,0,'Y'),(58,'STRING','inputFilePath','C:\\mywork\\event-summary.xlsx','1970-01-01 05:30:00',0,0,'Y'),(59,'DATE','currentTime','','2020-03-17 03:28:48',0,0,'Y'),(59,'STRING','inputFilePath','C:\\mywork\\event-summary.xlsx','1970-01-01 05:30:00',0,0,'Y'),(60,'DATE','currentTime','','2020-03-17 03:30:01',0,0,'Y'),(60,'STRING','inputFilePath','C:\\mywork\\event-summary.xlsx','1970-01-01 05:30:00',0,0,'Y'),(61,'DATE','currentTime','','2020-03-17 04:13:32',0,0,'Y'),(61,'STRING','inputFilePath','C:\\mywork\\event-summary.xlsx','1970-01-01 05:30:00',0,0,'Y'),(62,'DATE','currentTime','','2020-03-17 04:17:27',0,0,'Y'),(62,'STRING','inputFilePath','C:\\mywork\\Uploads\\EventSummaryUpload\\event-summary.xlsx','1970-01-01 05:30:00',0,0,'Y'),(63,'DATE','currentTime','','2020-03-17 04:18:08',0,0,'Y'),(63,'STRING','inputFilePath','C:\\mywork\\Uploads\\EventSummaryUpload\\~$event-summary.xlsx','1970-01-01 05:30:00',0,0,'Y'),(64,'DATE','currentTime','','2020-03-17 04:18:08',0,0,'Y'),(64,'STRING','inputFilePath','C:\\mywork\\Uploads\\EventSummaryUpload\\~$event-summary.xlsx','1970-01-01 05:30:00',0,0,'Y'),(65,'DATE','currentTime','','2020-03-17 04:18:16',0,0,'Y'),(65,'STRING','inputFilePath','C:\\mywork\\Uploads\\EventSummaryUpload\\FD317A10','1970-01-01 05:30:00',0,0,'Y'),(66,'DATE','currentTime','','2020-03-17 04:18:16',0,0,'Y'),(66,'STRING','inputFilePath','C:\\mywork\\Uploads\\EventSummaryUpload\\FD317A10','1970-01-01 05:30:00',0,0,'Y'),(67,'DATE','currentTime','','2020-03-17 04:18:16',0,0,'Y'),(67,'STRING','inputFilePath','C:\\mywork\\Uploads\\EventSummaryUpload\\B4ABC2F1.tmp','1970-01-01 05:30:00',0,0,'Y'),(68,'DATE','currentTime','','2020-03-17 04:18:16',0,0,'Y'),(68,'STRING','inputFilePath','C:\\mywork\\Uploads\\EventSummaryUpload\\event-summary.xlsx','1970-01-01 05:30:00',0,0,'Y'),(69,'DATE','currentTime','','2020-03-17 04:18:17',0,0,'Y'),(69,'STRING','inputFilePath','C:\\mywork\\Uploads\\EventSummaryUpload\\event-summary.xlsx','1970-01-01 05:30:00',0,0,'Y'),(70,'DATE','currentTime','','2020-03-17 04:19:16',0,0,'Y'),(70,'STRING','inputFilePath','C:\\mywork\\Uploads\\EventSummaryUpload\\event-summary - Copy.xlsx','1970-01-01 05:30:00',0,0,'Y'),(71,'DATE','currentTime','','2020-03-17 04:19:16',0,0,'Y'),(71,'STRING','inputFilePath','C:\\mywork\\Uploads\\EventSummaryUpload\\event-summary - Copy.xlsx','1970-01-01 05:30:00',0,0,'Y'),(72,'DATE','currentTime','','2020-03-17 04:24:17',0,0,'Y'),(72,'STRING','inputFilePath','C:\\mywork\\Uploads\\EventSummaryUpload\\event-summary - Copy (2).xlsx','1970-01-01 05:30:00',0,0,'Y'),(73,'DATE','currentTime','','2020-03-17 04:24:17',0,0,'Y'),(73,'STRING','inputFilePath','C:\\mywork\\Uploads\\EventSummaryUpload\\event-summary - Copy (2).xlsx','1970-01-01 05:30:00',0,0,'Y'),(74,'DATE','currentTime','','2020-03-17 04:26:29',0,0,'Y'),(74,'STRING','inputFilePath','C:\\mywork\\Uploads\\EventSummaryUpload\\event-summary - Copy (3).xlsx','1970-01-01 05:30:00',0,0,'Y'),(75,'DATE','currentTime','','2020-03-17 04:26:29',0,0,'Y'),(75,'STRING','inputFilePath','C:\\mywork\\Uploads\\EventSummaryUpload\\event-summary - Copy (3).xlsx','1970-01-01 05:30:00',0,0,'Y'),(76,'DATE','currentTime','','2020-03-17 04:30:15',0,0,'Y'),(76,'STRING','inputFilePath','C:\\mywork\\Uploads\\EventSummaryUpload\\event-summary - Copy.xlsx','1970-01-01 05:30:00',0,0,'Y'),(77,'DATE','currentTime','','2020-03-17 04:30:15',0,0,'Y'),(77,'STRING','inputFilePath','C:\\mywork\\Uploads\\EventSummaryUpload\\event-summary - Copy.xlsx','1970-01-01 05:30:00',0,0,'Y'),(78,'DATE','currentTime','','2020-03-17 04:30:36',0,0,'Y'),(78,'STRING','inputFilePath','C:\\mywork\\event-summary.xlsx','1970-01-01 05:30:00',0,0,'Y'),(79,'DATE','currentTime','','2020-03-17 04:31:00',0,0,'Y'),(79,'STRING','inputFilePath','C:\\mywork\\Uploads\\EventSummaryUpload\\event-summary - Copy (2).xlsx','1970-01-01 05:30:00',0,0,'Y'),(80,'DATE','currentTime','','2020-03-17 04:31:01',0,0,'Y'),(80,'STRING','inputFilePath','C:\\mywork\\Uploads\\EventSummaryUpload\\event-summary - Copy (2).xlsx','1970-01-01 05:30:00',0,0,'Y'),(81,'DATE','currentTime','','2020-03-17 04:32:45',0,0,'Y'),(81,'STRING','inputFilePath','C:\\mywork\\Uploads\\EventSummaryUpload\\event-summary - Copy (3).xlsx','1970-01-01 05:30:00',0,0,'Y'),(82,'DATE','currentTime','','2020-03-17 04:32:46',0,0,'Y'),(82,'STRING','inputFilePath','C:\\mywork\\Uploads\\EventSummaryUpload\\event-summary - Copy (3).xlsx','1970-01-01 05:30:00',0,0,'Y'),(83,'DATE','currentTime','','2020-03-17 04:32:46',0,0,'Y'),(83,'STRING','inputFilePath','C:\\mywork\\Uploads\\EventSummaryUpload\\event-summary - Copy (3).xlsx','1970-01-01 05:30:00',0,0,'Y'),(84,'DATE','currentTime','','2020-03-17 04:33:10',0,0,'Y'),(84,'STRING','inputFilePath','C:\\mywork\\Uploads\\EventSummaryUpload\\event-summary - Copy (4).xlsx','1970-01-01 05:30:00',0,0,'Y'),(85,'DATE','currentTime','','2020-03-17 04:33:10',0,0,'Y'),(85,'STRING','inputFilePath','C:\\mywork\\Uploads\\EventSummaryUpload\\event-summary - Copy (4).xlsx','1970-01-01 05:30:00',0,0,'Y'),(86,'DATE','currentTime','','2020-03-17 04:33:51',0,0,'Y'),(86,'STRING','inputFilePath','C:\\mywork\\Uploads\\EventSummaryUpload\\event-summary - Copy (5).xlsx','1970-01-01 05:30:00',0,0,'Y'),(87,'DATE','currentTime','','2020-03-17 04:33:51',0,0,'Y'),(87,'STRING','inputFilePath','C:\\mywork\\Uploads\\EventSummaryUpload\\event-summary - Copy (5).xlsx','1970-01-01 05:30:00',0,0,'Y'),(88,'DATE','currentTime','','2020-03-17 04:33:51',0,0,'Y'),(88,'STRING','inputFilePath','C:\\mywork\\Uploads\\EventSummaryUpload\\event-summary - Copy (6).xlsx','1970-01-01 05:30:00',0,0,'Y'),(89,'DATE','currentTime','','2020-03-17 04:33:51',0,0,'Y'),(89,'STRING','inputFilePath','C:\\mywork\\Uploads\\EventSummaryUpload\\event-summary - Copy (6).xlsx','1970-01-01 05:30:00',0,0,'Y'),(90,'DATE','currentTime','','2020-03-17 04:33:51',0,0,'Y'),(90,'STRING','inputFilePath','C:\\mywork\\Uploads\\EventSummaryUpload\\event-summary - Copy (7).xlsx','1970-01-01 05:30:00',0,0,'Y'),(91,'DATE','currentTime','','2020-03-17 04:33:52',0,0,'Y'),(91,'STRING','inputFilePath','C:\\mywork\\Uploads\\EventSummaryUpload\\event-summary - Copy (7).xlsx','1970-01-01 05:30:00',0,0,'Y'),(92,'DATE','currentTime','','2020-03-17 04:33:52',0,0,'Y'),(92,'STRING','inputFilePath','C:\\mywork\\Uploads\\EventSummaryUpload\\event-summary - Copy (8).xlsx','1970-01-01 05:30:00',0,0,'Y'),(93,'DATE','currentTime','','2020-03-17 04:33:52',0,0,'Y'),(93,'STRING','inputFilePath','C:\\mywork\\Uploads\\EventSummaryUpload\\event-summary - Copy (8).xlsx','1970-01-01 05:30:00',0,0,'Y'),(94,'DATE','currentTime','','2020-03-17 04:33:52',0,0,'Y'),(94,'STRING','inputFilePath','C:\\mywork\\Uploads\\EventSummaryUpload\\event-summary - Copy (9).xlsx','1970-01-01 05:30:00',0,0,'Y'),(95,'DATE','currentTime','','2020-03-17 04:33:52',0,0,'Y'),(95,'STRING','inputFilePath','C:\\mywork\\Uploads\\EventSummaryUpload\\event-summary - Copy (9).xlsx','1970-01-01 05:30:00',0,0,'Y'),(96,'DATE','currentTime','','2020-03-17 04:33:52',0,0,'Y'),(96,'STRING','inputFilePath','C:\\mywork\\Uploads\\EventSummaryUpload\\event-summary - Copy (10).xlsx','1970-01-01 05:30:00',0,0,'Y'),(97,'DATE','currentTime','','2020-03-17 04:33:53',0,0,'Y'),(97,'STRING','inputFilePath','C:\\mywork\\Uploads\\EventSummaryUpload\\event-summary - Copy (10).xlsx','1970-01-01 05:30:00',0,0,'Y'),(98,'DATE','currentTime','','2020-03-17 04:33:53',0,0,'Y'),(98,'STRING','inputFilePath','C:\\mywork\\Uploads\\EventSummaryUpload\\event-summary - Copy (11).xlsx','1970-01-01 05:30:00',0,0,'Y'),(99,'DATE','currentTime','','2020-03-17 04:33:53',0,0,'Y'),(99,'STRING','inputFilePath','C:\\mywork\\Uploads\\EventSummaryUpload\\event-summary - Copy (11).xlsx','1970-01-01 05:30:00',0,0,'Y'),(100,'DATE','currentTime','','2020-03-17 04:33:53',0,0,'Y'),(100,'STRING','inputFilePath','C:\\mywork\\Uploads\\EventSummaryUpload\\event-summary - Copy (12).xlsx','1970-01-01 05:30:00',0,0,'Y'),(101,'DATE','currentTime','','2020-03-17 04:33:53',0,0,'Y'),(101,'STRING','inputFilePath','C:\\mywork\\Uploads\\EventSummaryUpload\\event-summary - Copy (12).xlsx','1970-01-01 05:30:00',0,0,'Y'),(102,'DATE','currentTime','','2020-03-17 04:33:53',0,0,'Y'),(102,'STRING','inputFilePath','C:\\mywork\\Uploads\\EventSummaryUpload\\event-summary - Copy (13).xlsx','1970-01-01 05:30:00',0,0,'Y'),(103,'DATE','currentTime','','2020-03-17 04:33:54',0,0,'Y'),(103,'STRING','inputFilePath','C:\\mywork\\Uploads\\EventSummaryUpload\\event-summary - Copy (13).xlsx','1970-01-01 05:30:00',0,0,'Y'),(104,'DATE','currentTime','','2020-03-17 14:40:23',0,0,'Y'),(104,'STRING','inputFilePath','C:\\mywork\\Uploads\\EventSummaryUpload\\event-summary - Copy.xlsx','1970-01-01 05:30:00',0,0,'Y'),(105,'DATE','currentTime','','2020-03-17 14:40:24',0,0,'Y'),(105,'STRING','inputFilePath','C:\\mywork\\Uploads\\EventSummaryUpload\\event-summary - Copy.xlsx','1970-01-01 05:30:00',0,0,'Y'),(106,'DATE','currentTime','','2020-03-17 16:08:49',0,0,'Y'),(106,'STRING','inputFilePath','C:\\mywork\\Uploads\\EventSummaryUpload\\event-summary - Copy.xlsx','1970-01-01 05:30:00',0,0,'Y'),(107,'DATE','currentTime','','2020-03-17 16:08:51',0,0,'Y'),(107,'STRING','inputFilePath','C:\\mywork\\Uploads\\EventSummaryUpload\\event-summary - Copy.xlsx','1970-01-01 05:30:00',0,0,'Y'),(108,'DATE','currentTime','','2020-03-17 16:31:43',0,0,'Y'),(108,'STRING','inputFilePath','C:\\mywork\\Uploads\\EventSummaryUpload\\event-summary - Copy.xlsx','1970-01-01 05:30:00',0,0,'Y'),(109,'DATE','currentTime','','2020-03-17 16:31:44',0,0,'Y'),(109,'STRING','inputFilePath','C:\\mywork\\Uploads\\EventSummaryUpload\\event-summary - Copy.xlsx','1970-01-01 05:30:00',0,0,'Y'),(110,'DATE','currentTime','','2020-03-17 16:32:23',0,0,'Y'),(110,'STRING','inputFilePath','C:\\mywork\\Uploads\\EventSummaryUpload\\event-summary - Copy (2).xlsx','1970-01-01 05:30:00',0,0,'Y'),(111,'DATE','currentTime','','2020-03-17 16:32:23',0,0,'Y'),(111,'STRING','inputFilePath','C:\\mywork\\Uploads\\EventSummaryUpload\\event-summary - Copy (2).xlsx','1970-01-01 05:30:00',0,0,'Y'),(112,'DATE','currentTime','','2020-03-17 16:32:23',0,0,'Y'),(112,'STRING','inputFilePath','C:\\mywork\\Uploads\\EventSummaryUpload\\event-summary - Copy (3).xlsx','1970-01-01 05:30:00',0,0,'Y'),(113,'DATE','currentTime','','2020-03-17 16:32:23',0,0,'Y'),(113,'STRING','inputFilePath','C:\\mywork\\Uploads\\EventSummaryUpload\\event-summary - Copy (3).xlsx','1970-01-01 05:30:00',0,0,'Y'),(114,'DATE','currentTime','','2020-03-17 16:32:24',0,0,'Y'),(114,'STRING','inputFilePath','C:\\mywork\\Uploads\\EventSummaryUpload\\event-summary - Copy (4).xlsx','1970-01-01 05:30:00',0,0,'Y'),(115,'DATE','currentTime','','2020-03-17 16:32:24',0,0,'Y'),(115,'STRING','inputFilePath','C:\\mywork\\Uploads\\EventSummaryUpload\\event-summary - Copy (4).xlsx','1970-01-01 05:30:00',0,0,'Y'),(116,'DATE','currentTime','','2020-03-17 16:32:24',0,0,'Y'),(116,'STRING','inputFilePath','C:\\mywork\\Uploads\\EventSummaryUpload\\event-summary - Copy (5).xlsx','1970-01-01 05:30:00',0,0,'Y'),(117,'DATE','currentTime','','2020-03-17 16:32:24',0,0,'Y'),(117,'STRING','inputFilePath','C:\\mywork\\Uploads\\EventSummaryUpload\\event-summary - Copy (5).xlsx','1970-01-01 05:30:00',0,0,'Y'),(118,'DATE','currentTime','','2020-03-17 16:32:25',0,0,'Y'),(118,'STRING','inputFilePath','C:\\mywork\\Uploads\\EventSummaryUpload\\event-summary - Copy (6).xlsx','1970-01-01 05:30:00',0,0,'Y'),(119,'DATE','currentTime','','2020-03-17 16:32:25',0,0,'Y'),(119,'STRING','inputFilePath','C:\\mywork\\Uploads\\EventSummaryUpload\\event-summary - Copy (6).xlsx','1970-01-01 05:30:00',0,0,'Y'),(120,'DATE','currentTime','','2020-03-17 16:32:25',0,0,'Y'),(120,'STRING','inputFilePath','C:\\mywork\\Uploads\\EventSummaryUpload\\event-summary - Copy (7).xlsx','1970-01-01 05:30:00',0,0,'Y'),(121,'DATE','currentTime','','2020-03-17 16:32:25',0,0,'Y'),(121,'STRING','inputFilePath','C:\\mywork\\Uploads\\EventSummaryUpload\\event-summary - Copy (7).xlsx','1970-01-01 05:30:00',0,0,'Y'),(122,'DATE','currentTime','','2020-03-17 16:39:54',0,0,'Y'),(122,'STRING','inputFilePath','C:\\mywork\\Uploads\\EventSummaryUpload\\event-summary - Copy.xlsx','1970-01-01 05:30:00',0,0,'Y'),(123,'DATE','currentTime','','2020-03-17 16:39:55',0,0,'Y'),(123,'STRING','inputFilePath','C:\\mywork\\Uploads\\EventSummaryUpload\\event-summary - Copy.xlsx','1970-01-01 05:30:00',0,0,'Y'),(124,'DATE','currentTime','','2020-03-17 16:39:55',0,0,'Y'),(124,'STRING','inputFilePath','C:\\mywork\\Uploads\\EventSummaryUpload\\event-summary - Copy.xlsx','1970-01-01 05:30:00',0,0,'Y'),(125,'DATE','currentTime','','2020-03-17 16:42:25',0,0,'Y'),(125,'STRING','inputFilePath','C:\\mywork\\Uploads\\EventSummaryUpload\\~$event-summary - Copy.xlsx','1970-01-01 05:30:00',0,0,'Y'),(126,'DATE','currentTime','','2020-03-17 16:42:25',0,0,'Y'),(126,'STRING','inputFilePath','C:\\mywork\\Uploads\\EventSummaryUpload\\~$event-summary - Copy.xlsx','1970-01-01 05:30:00',0,0,'Y'),(127,'DATE','currentTime','','2020-03-17 16:43:59',0,0,'Y'),(127,'STRING','inputFilePath','C:\\mywork\\Uploads\\EventSummaryUpload\\event-summary.xlsx','1970-01-01 05:30:00',0,0,'Y'),(128,'DATE','currentTime','','2020-03-17 16:43:59',0,0,'Y'),(128,'STRING','inputFilePath','C:\\mywork\\Uploads\\EventSummaryUpload\\event-summary.xlsx','1970-01-01 05:30:00',0,0,'Y'),(129,'DATE','currentTime','','2020-03-17 16:56:44',0,0,'Y'),(129,'STRING','inputFilePath','C:\\mywork\\Uploads\\EventSummaryUpload\\event-summary - Copy.xlsx','1970-01-01 05:30:00',0,0,'Y'),(130,'DATE','currentTime','','2020-03-17 16:56:52',0,0,'Y'),(130,'STRING','inputFilePath','C:\\mywork\\Uploads\\EventSummaryUpload\\event-summary - Copy.xlsx','1970-01-01 05:30:00',0,0,'Y'),(131,'DATE','currentTime','','2020-03-17 16:56:53',0,0,'Y'),(131,'STRING','inputFilePath','C:\\mywork\\Uploads\\EventSummaryUpload\\event-summary - Copy (2).xlsx','1970-01-01 05:30:00',0,0,'Y'),(132,'DATE','currentTime','','2020-03-17 16:56:54',0,0,'Y'),(132,'STRING','inputFilePath','C:\\mywork\\Uploads\\EventSummaryUpload\\event-summary - Copy (2).xlsx','1970-01-01 05:30:00',0,0,'Y'),(133,'DATE','currentTime','','2020-03-17 16:57:03',0,0,'Y'),(133,'STRING','inputFilePath','C:\\mywork\\Uploads\\EventSummaryUpload\\event-summary - Copy (3).xlsx','1970-01-01 05:30:00',0,0,'Y'),(134,'DATE','currentTime','','2020-03-17 16:57:07',0,0,'Y'),(134,'STRING','inputFilePath','C:\\mywork\\Uploads\\EventSummaryUpload\\event-summary - Copy (3).xlsx','1970-01-01 05:30:00',0,0,'Y'),(135,'DATE','currentTime','','2020-03-17 16:57:38',0,0,'Y'),(135,'STRING','inputFilePath','C:\\mywork\\Uploads\\EventSummaryUpload\\event-summary - Copy.xlsx','1970-01-01 05:30:00',0,0,'Y'),(136,'DATE','currentTime','','2020-03-17 16:57:57',0,0,'Y'),(136,'STRING','inputFilePath','C:\\mywork\\Uploads\\EventSummaryUpload\\event-summary - Copy.xlsx','1970-01-01 05:30:00',0,0,'Y'),(137,'DATE','currentTime','','2020-03-17 16:58:29',0,0,'Y'),(137,'STRING','inputFilePath','C:\\mywork\\Uploads\\EventSummaryUpload\\~$event-summary.xlsx','1970-01-01 05:30:00',0,0,'Y'),(138,'DATE','currentTime','','2020-03-17 16:58:29',0,0,'Y'),(138,'STRING','inputFilePath','C:\\mywork\\Uploads\\EventSummaryUpload\\~$event-summary.xlsx','1970-01-01 05:30:00',0,0,'Y'),(139,'DATE','currentTime','','2020-03-17 16:58:43',0,0,'Y'),(139,'STRING','inputFilePath','C:\\mywork\\Uploads\\EventSummaryUpload\\event-summary - Copy (2).xlsx','1970-01-01 05:30:00',0,0,'Y'),(140,'DATE','currentTime','','2020-03-17 16:58:43',0,0,'Y'),(140,'STRING','inputFilePath','C:\\mywork\\Uploads\\EventSummaryUpload\\event-summary - Copy (2).xlsx','1970-01-01 05:30:00',0,0,'Y'),(141,'DATE','currentTime','','2020-03-17 16:58:44',0,0,'Y'),(141,'STRING','inputFilePath','C:\\mywork\\Uploads\\EventSummaryUpload\\event-summary - Copy (3).xlsx','1970-01-01 05:30:00',0,0,'Y'),(142,'DATE','currentTime','','2020-03-17 16:58:44',0,0,'Y'),(142,'STRING','inputFilePath','C:\\mywork\\Uploads\\EventSummaryUpload\\event-summary - Copy (3).xlsx','1970-01-01 05:30:00',0,0,'Y'),(143,'DATE','currentTime','','2020-03-17 16:58:44',0,0,'Y'),(143,'STRING','inputFilePath','C:\\mywork\\Uploads\\EventSummaryUpload\\event-summary - Copy (4).xlsx','1970-01-01 05:30:00',0,0,'Y'),(144,'DATE','currentTime','','2020-03-17 16:58:45',0,0,'Y'),(144,'STRING','inputFilePath','C:\\mywork\\Uploads\\EventSummaryUpload\\event-summary - Copy (4).xlsx','1970-01-01 05:30:00',0,0,'Y'),(145,'DATE','currentTime','','2020-03-17 16:58:53',0,0,'Y'),(145,'STRING','inputFilePath','C:\\mywork\\Uploads\\EventSummaryUpload\\~$event-summary - Copy (3).xlsx','1970-01-01 05:30:00',0,0,'Y'),(146,'DATE','currentTime','','2020-03-17 16:58:53',0,0,'Y'),(146,'STRING','inputFilePath','C:\\mywork\\Uploads\\EventSummaryUpload\\~$event-summary - Copy (3).xlsx','1970-01-01 05:30:00',0,0,'Y'),(147,'DATE','currentTime','','2020-03-17 16:59:06',0,0,'Y'),(147,'STRING','inputFilePath','C:\\mywork\\Uploads\\EventSummaryUpload\\4DC92D10','1970-01-01 05:30:00',0,0,'Y'),(148,'DATE','currentTime','','2020-03-17 16:59:06',0,0,'Y'),(148,'STRING','inputFilePath','C:\\mywork\\Uploads\\EventSummaryUpload\\4DC92D10','1970-01-01 05:30:00',0,0,'Y'),(149,'DATE','currentTime','','2020-03-17 16:59:06',0,0,'Y'),(149,'STRING','inputFilePath','C:\\mywork\\Uploads\\EventSummaryUpload\\4BB9103C.tmp','1970-01-01 05:30:00',0,0,'Y'),(150,'DATE','currentTime','','2020-03-17 16:59:06',0,0,'Y'),(150,'STRING','inputFilePath','C:\\mywork\\Uploads\\EventSummaryUpload\\event-summary - Copy (3).xlsx','1970-01-01 05:30:00',0,0,'Y'),(151,'DATE','currentTime','','2020-03-17 16:59:12',0,0,'Y'),(151,'STRING','inputFilePath','C:\\mywork\\Uploads\\EventSummaryUpload\\event-summary - Copy (3).xlsx','1970-01-01 05:30:00',0,0,'Y'),(152,'DATE','currentTime','','2020-03-17 17:38:22',0,0,'Y'),(152,'STRING','inputFilePath','C:\\mywork\\Uploads\\EventSummaryUpload\\event-summary.xlsx','1970-01-01 05:30:00',0,0,'Y'),(153,'DATE','currentTime','','2020-03-17 17:38:23',0,0,'Y'),(153,'STRING','inputFilePath','C:\\mywork\\Uploads\\EventSummaryUpload\\event-summary.xlsx','1970-01-01 05:30:00',0,0,'Y'),(154,'DATE','currentTime','','2020-03-17 17:38:51',0,0,'Y'),(154,'STRING','inputFilePath','C:\\mywork\\Uploads\\EventSummaryUpload\\~$event-summary.xlsx','1970-01-01 05:30:00',0,0,'Y'),(155,'DATE','currentTime','','2020-03-17 17:38:51',0,0,'Y'),(155,'STRING','inputFilePath','C:\\mywork\\Uploads\\EventSummaryUpload\\~$event-summary.xlsx','1970-01-01 05:30:00',0,0,'Y'),(156,'DATE','currentTime','','2020-03-17 17:40:06',0,0,'Y'),(156,'STRING','inputFilePath','C:\\mywork\\Uploads\\EventSummaryUpload\\C75F4D10','1970-01-01 05:30:00',0,0,'Y'),(157,'DATE','currentTime','','2020-03-17 17:40:06',0,0,'Y'),(157,'STRING','inputFilePath','C:\\mywork\\Uploads\\EventSummaryUpload\\C75F4D10','1970-01-01 05:30:00',0,0,'Y'),(158,'DATE','currentTime','','2020-03-17 17:40:06',0,0,'Y'),(158,'STRING','inputFilePath','C:\\mywork\\Uploads\\EventSummaryUpload\\7E57280.tmp','1970-01-01 05:30:00',0,0,'Y'),(159,'DATE','currentTime','','2020-03-17 17:40:06',0,0,'Y'),(159,'STRING','inputFilePath','C:\\mywork\\Uploads\\EventSummaryUpload\\event-summary.xlsx','1970-01-01 05:30:00',0,0,'Y'),(160,'DATE','currentTime','','2020-03-17 17:40:07',0,0,'Y'),(160,'STRING','inputFilePath','C:\\mywork\\Uploads\\EventSummaryUpload\\event-summary.xlsx','1970-01-01 05:30:00',0,0,'Y'),(161,'DATE','currentTime','','2020-03-17 18:26:30',0,0,'Y'),(161,'STRING','inputFilePath','C:\\mywork\\Uploads\\EventSummaryUpload\\E1D97D10','1970-01-01 05:30:00',0,0,'Y'),(162,'DATE','currentTime','','2020-03-17 18:26:30',0,0,'Y'),(162,'STRING','inputFilePath','C:\\mywork\\Uploads\\EventSummaryUpload\\E1D97D10','1970-01-01 05:30:00',0,0,'Y'),(163,'DATE','currentTime','','2020-03-17 18:26:30',0,0,'Y'),(163,'STRING','inputFilePath','C:\\mywork\\Uploads\\EventSummaryUpload\\88AEF13E.tmp','1970-01-01 05:30:00',0,0,'Y'),(164,'DATE','currentTime','','2020-03-17 18:26:30',0,0,'Y'),(164,'STRING','inputFilePath','C:\\mywork\\Uploads\\EventSummaryUpload\\event-summary.xlsx','1970-01-01 05:30:00',0,0,'Y'),(165,'DATE','currentTime','','2020-03-17 18:29:38',0,0,'Y'),(165,'STRING','inputFilePath','C:\\mywork\\Uploads\\EventSummaryUpload\\event-summary.xlsx','1970-01-01 05:30:00',0,0,'Y'),(166,'DATE','currentTime','','2020-03-17 18:29:53',0,0,'Y'),(166,'STRING','inputFilePath','C:\\mywork\\Uploads\\EventSummaryUpload\\AAEC7D10','1970-01-01 05:30:00',0,0,'Y'),(167,'DATE','currentTime','','2020-03-17 18:29:53',0,0,'Y'),(167,'STRING','inputFilePath','C:\\mywork\\Uploads\\EventSummaryUpload\\AAEC7D10','1970-01-01 05:30:00',0,0,'Y'),(168,'DATE','currentTime','','2020-03-17 18:29:53',0,0,'Y'),(168,'STRING','inputFilePath','C:\\mywork\\Uploads\\EventSummaryUpload\\340EF427.tmp','1970-01-01 05:30:00',0,0,'Y'),(169,'DATE','currentTime','','2020-03-17 18:29:53',0,0,'Y'),(169,'STRING','inputFilePath','C:\\mywork\\Uploads\\EventSummaryUpload\\event-summary.xlsx','1970-01-01 05:30:00',0,0,'Y'),(170,'DATE','currentTime','','2020-03-17 18:29:53',0,0,'Y'),(170,'STRING','inputFilePath','C:\\mywork\\Uploads\\EventSummaryUpload\\event-summary.xlsx','1970-01-01 05:30:00',0,0,'Y'),(171,'DATE','currentTime','','2020-03-17 18:38:03',0,0,'Y'),(171,'STRING','inputFilePath','C:\\mywork\\Uploads\\EventSummaryUpload\\event-summary - Copy (2).xlsx','1970-01-01 05:30:00',0,0,'Y'),(172,'DATE','currentTime','','2020-03-17 18:38:04',0,0,'Y'),(172,'STRING','inputFilePath','C:\\mywork\\Uploads\\EventSummaryUpload\\event-summary - Copy (2).xlsx','1970-01-01 05:30:00',0,0,'Y'),(173,'DATE','currentTime','','2020-04-01 08:55:00',0,0,'Y'),(173,'STRING','inputFilePath','C:\\mywork\\Uploads\\EventSummaryUpload\\~$event-summary.xlsx','1970-01-01 05:30:00',0,0,'Y'),(174,'DATE','currentTime','','2020-04-01 08:55:00',0,0,'Y'),(174,'STRING','inputFilePath','C:\\mywork\\Uploads\\EventSummaryUpload\\~$event-summary.xlsx','1970-01-01 05:30:00',0,0,'Y'),(175,'DATE','currentTime','','2020-04-01 08:55:00',0,0,'Y'),(175,'STRING','inputFilePath','C:\\mywork\\Uploads\\EventSummaryUpload\\~$event-summary.xlsx','1970-01-01 05:30:00',0,0,'Y'),(176,'DATE','currentTime','','2020-04-02 00:01:18',0,0,'Y'),(176,'STRING','inputFilePath','C:\\mywork\\Uploads\\EventSummaryUpload\\~$event-summary.xlsx','1970-01-01 05:30:00',0,0,'Y'),(177,'DATE','currentTime','','2020-04-02 00:01:18',0,0,'Y'),(177,'STRING','inputFilePath','C:\\mywork\\Uploads\\EventSummaryUpload\\~$event-summary.xlsx','1970-01-01 05:30:00',0,0,'Y'),(178,'DATE','currentTime','','2020-04-02 00:01:18',0,0,'Y'),(178,'STRING','inputFilePath','C:\\mywork\\Uploads\\EventSummaryUpload\\~$event-summary.xlsx','1970-01-01 05:30:00',0,0,'Y');
/*!40000 ALTER TABLE `batch_job_execution_params` ENABLE KEYS */;
UNLOCK TABLES;

--
-- Table structure for table `batch_job_execution_seq`
--

-- DROP TABLE IF EXISTS `batch_job_execution_seq`;
/*!40101 SET @saved_cs_client     = @@character_set_client */;
/*!50503 SET character_set_client = utf8mb4 */;
CREATE TABLE `batch_job_execution_seq` (
  `ID` bigint NOT NULL,
  `UNIQUE_KEY` char(1) NOT NULL,
  UNIQUE KEY `UNIQUE_KEY_UN` (`UNIQUE_KEY`)
);
/*!40101 SET character_set_client = @saved_cs_client */;

--
-- Dumping data for table `batch_job_execution_seq`
--

LOCK TABLES `batch_job_execution_seq` WRITE;
/*!40000 ALTER TABLE `batch_job_execution_seq` DISABLE KEYS */;
INSERT INTO `batch_job_execution_seq` VALUES (178,'0');
/*!40000 ALTER TABLE `batch_job_execution_seq` ENABLE KEYS */;
UNLOCK TABLES;

--
-- Table structure for table `batch_job_instance`
--

-- DROP TABLE IF EXISTS `batch_job_instance`;
/*!40101 SET @saved_cs_client     = @@character_set_client */;
/*!50503 SET character_set_client = utf8mb4 */;
CREATE TABLE `batch_job_instance` (
  `JOB_INSTANCE_ID` bigint NOT NULL,
  `VERSION` bigint DEFAULT NULL,
  `JOB_NAME` varchar(100) NOT NULL,
  `JOB_KEY` varchar(32) NOT NULL,
  PRIMARY KEY (`JOB_INSTANCE_ID`),
  UNIQUE KEY `JOB_INST_UN` (`JOB_NAME`,`JOB_KEY`)
);
/*!40101 SET character_set_client = @saved_cs_client */;

--
-- Dumping data for table `batch_job_instance`
--

LOCK TABLES `batch_job_instance` WRITE;
/*!40000 ALTER TABLE `batch_job_instance` DISABLE KEYS */;
INSERT INTO `batch_job_instance` VALUES (1,0,'excelFileToDatabaseJob','4c0730dd0da27a75a6f1095d7f4331d0'),(2,0,'excelFileToDatabaseJob','74180c5c9d61387ee7335f550d334585'),(3,0,'excelFileToDatabaseJob','07a3f74b510b7ec98f7f45599ac1d64b'),(4,0,'excelFileToDatabaseJob','c9a2b74cc7f09363a131c2d25a194da2'),(5,0,'excelFileToDatabaseJob','8b9dc60bc16b52de3454e15836a1a2f5'),(6,0,'excelFileToDatabaseJob','0cf1b466c7cf3fa1bb42dd78c171965c'),(7,0,'excelFileToDatabaseJob','e0102d053a1bd02e86331fdb236f4406'),(8,0,'excelFileToDatabaseJob','89503c50abce4c524f73dfbd516f3019'),(9,0,'excelFileToDatabaseJob','8f607ceaa4702bf89e1f86beb66b0932'),(10,0,'excelFileToDatabaseJob','dc6c577b189f27b29896998f2ce0f32a'),(11,0,'excelFileToDatabaseJob','1d420b79c96424bd875cb2dec6181772'),(12,0,'excelFileToDatabaseJob','4f6d8f6ce7ad0534fe650bca08d48eb3'),(13,0,'excelFileToDatabaseJob','ef231b950e3bd77497dced66455975e4'),(14,0,'excelFileToDatabaseJob','a1cfa0372d101ff5071743420332eaa4'),(15,0,'excelFileToDatabaseJob','1f0fc25de332db860b8e1c97eefd3b71'),(16,0,'excelFileToDatabaseJob','09c507e255d2243008e003d5dd200e5e'),(17,0,'excelFileToDatabaseJob','a1c090b35a58df5a204750e9a404e2bd'),(18,0,'excelFileToDatabaseJob','25f09344cb159efd1fcc39599de3edf0'),(19,0,'excelFileToDatabaseJob','e31e2293efa20598ac04722b56ab5905'),(20,0,'excelFileToDatabaseJob','6cbc2ff0ef6d760c4647d8e853b80627'),(21,0,'excelFileToDatabaseJob','f60ca90c7660953727af54697ee25f36'),(22,0,'excelFileToDatabaseJob','e8da408b30d7b144f5b96428d920de4b'),(23,0,'excelFileToDatabaseJob','5415f59567c09f047373cee320d946e6'),(24,0,'excelFileToDatabaseJob','fb3f52f46e1ccd1cd5b23b38d4a49077'),(25,0,'excelFileToDatabaseJob','055c82e53f602b92fe479db9591f5380'),(26,0,'excelFileToDatabaseJob','a05509d8353be3e663338c5d2ee38e72'),(27,0,'excelFileToDatabaseJob','eb41cf71ef2378e31e72000d4ac719fa'),(28,0,'excelFileToDatabaseJob','a19ca3d09eb2bada44b310e55d2f6271'),(29,0,'excelFileToDatabaseJob','5226207a0ef294ff53a53b9772e3ed84'),(30,0,'excelFileToDatabaseJob','a6792b433ad4ff572dffde989809a346'),(31,0,'excelFileToDatabaseJob','f39a7fa7e04dbc29f4bc7fb42521e5a0'),(32,0,'excelFileToDatabaseJob','3e80e7fa79149c8a088ff55e005a58c5'),(33,0,'excelFileToDatabaseJob','2283ae55846aa4810c9c200a30683310'),(34,0,'excelFileToDatabaseJob','2c5a0c21559e2307f2d8eb7ffbe4e585'),(35,0,'excelFileToDatabaseJob','aaa7a93aaa1697ffba528a8af7ccb3dc'),(36,0,'excelFileToDatabaseJob','a4887e02ee129a934c9117b8f6374d6c'),(37,0,'excelFileToDatabaseJob','3fc0019f6116be0e019ee4ab5e86d90f'),(38,0,'excelFileToDatabaseJob','2a44720927f8f7d760f54eaef5b04dcb'),(39,0,'excelFileToDatabaseJob','0feeaaa132933d05a11bbf75093384c4'),(40,0,'excelFileToDatabaseJob','fea7b48f381f24533c09508c0c40ebfc'),(41,0,'excelFileToDatabaseJob','638a1dece4d56e375bd64a59eca60787'),(42,0,'excelFileToDatabaseJob','ad48ad5b1f0cb30618eafcf8fdda57f2'),(43,0,'excelFileToDatabaseJob','2b3cc7e2011d5830e03c019275723572'),(44,0,'excelFileToDatabaseJob','79a545d8db3dad4e28ddee3ceab0a93f'),(45,0,'excelFileToDatabaseJob','55492c6f712489e5215abb274069ae40'),(46,0,'excelFileToDatabaseJob','2ccaaf01c08fc83dea8fd43c3adc388d'),(47,0,'excelFileToDatabaseJob','de582397931cceb9bfbc2bb0ee783d4b'),(48,0,'excelFileToDatabaseJob','6ae78c6a24288b8d8fe4a7c80b12d8d7'),(49,0,'excelFileToDatabaseJob','d749c2c33057cb6cc5dc322ce54c4b58'),(50,0,'excelFileToDatabaseJob','6c4ca0331ceb265a9b7d7e7ed38c848a'),(51,0,'excelFileToDatabaseJob','57e04ca0a6fc9f7b65ed4ab846c2b595'),(52,0,'excelFileToDatabaseJob','b9e040c922af8ba2050d7b289e616e0c'),(53,0,'excelFileToDatabaseJob','4a370238d005b22f1a7a8dec8349466c'),(54,0,'excelFileToDatabaseJob','c58917185ee682d7864563727668ada3'),(55,0,'excelFileToDatabaseJob','ae2cadeaae8eb3724120ad77a6149b8c'),(56,0,'excelFileToDatabaseJob','86d61a7f7a4d12ada5ebf0233b31d332'),(57,0,'excelFileToDatabaseJob','7d474b61a7787d1929f712cca238f042'),(58,0,'excelFileToDatabaseJob','d563eebacc83564838c8027ae4bd9caa'),(59,0,'excelFileToDatabaseJob','d84bddabe94c1df794f5045469d98af8'),(60,0,'excelFileToDatabaseJob','67070cd8e09355bccff5461513cd4a9d'),(61,0,'excelFileToDatabaseJob','8ee6e73a1014a9ef6f3ac82604439da9'),(62,0,'excelFileToDatabaseJob','5e89b457198d7a0cc162fb78e5450902'),(63,0,'excelFileToDatabaseJob','032ee16f31e39e1d86b267a6c4dc0c56'),(64,0,'excelFileToDatabaseJob','9e92e1d547e0f9159bf42447922174c4'),(65,0,'excelFileToDatabaseJob','121182d1c58398a1ac7ea6c96b1601d3'),(66,0,'excelFileToDatabaseJob','b3beea359d07e078a5f00b4064c5df2f'),(67,0,'excelFileToDatabaseJob','62e5d611d44873e09340b635167af052'),(68,0,'excelFileToDatabaseJob','00ec326de7904baa519ccf5b0b44382f'),(69,0,'excelFileToDatabaseJob','b8684193978b0c532d56fe4c58945b87'),(70,0,'excelFileToDatabaseJob','71096e7a9e9903d8777b3b1fb5616a81'),(71,0,'excelFileToDatabaseJob','4eda1b00ff848b0989a95c1003d4b8ea'),(72,0,'excelFileToDatabaseJob','6ba0245b12e50444183d1e6f9ab9aee3'),(73,0,'excelFileToDatabaseJob','19bbfa5d49dce52d5e5ebc6414015bd7'),(74,0,'excelFileToDatabaseJob','bddbbe8e735e8aa0f401dc55a2e0e36e'),(75,0,'excelFileToDatabaseJob','db6188d17927bdfbfff916bdf139b7a2'),(76,0,'excelFileToDatabaseJob','19c29eb4e00bdc635b3e7da17ddf6926'),(77,0,'excelFileToDatabaseJob','3acbf33431b18d82a4386dd13ce56b6e'),(78,0,'excelFileToDatabaseJob','330050292cb84ab48db55b1d1cbb8a8a'),(79,0,'excelFileToDatabaseJob','72a69aba7ab6211eb4c7aceba80fa203'),(80,0,'excelFileToDatabaseJob','dcd2dcc1e41266b6e4dfc8331c2f6027'),(81,0,'excelFileToDatabaseJob','61d7e7a5e64396d46c8b97b8fb052f78'),(82,0,'excelFileToDatabaseJob','e105737fb8c76d06abae14e8e101a330'),(83,0,'excelFileToDatabaseJob','116b4883fd3c4c51ff89311517744dba'),(84,0,'excelFileToDatabaseJob','0917e5ba8e5d51a184f49175064e4ed0'),(85,0,'excelFileToDatabaseJob','7bb4f10ecbffbbef816e6a4fc8b1d89f'),(86,0,'excelFileToDatabaseJob','74c46fbca9f45795009d4477d725c367'),(87,0,'excelFileToDatabaseJob','68ba24143f68adc5cf1a72e046dc824a'),(88,0,'excelFileToDatabaseJob','6eb9032ab1d4ccd74f31a34b0854a692'),(89,0,'excelFileToDatabaseJob','14c15d95a560f259a58388bf4a1a4e52'),(90,0,'excelFileToDatabaseJob','a0fd2b6dda8771f8390ee1790559a60b'),(91,0,'excelFileToDatabaseJob','1eb793a79ed614e89b20ee52f7e71fb9'),(92,0,'excelFileToDatabaseJob','ab866e42cda0cf5bcd69f3ac61956045'),(93,0,'excelFileToDatabaseJob','78e8a0c76cc7069b46e8bee85067d8ad'),(94,0,'excelFileToDatabaseJob','561259fa26a83c5267c19c863542daa1'),(95,0,'excelFileToDatabaseJob','3e8dbb5eb5702a11b3e7954ca9ede4cb'),(96,0,'excelFileToDatabaseJob','2840cf88832c87c0c457d293e6084997'),(97,0,'excelFileToDatabaseJob','415bb2b63b890fd57e69fed4401ab6f9'),(98,0,'excelFileToDatabaseJob','c33336cdfe63e91d3e8d4e68c7b07a6f'),(99,0,'excelFileToDatabaseJob','5d60f28d7d3ab2d829c6b777dcaf61ca'),(100,0,'excelFileToDatabaseJob','9b62a7e50c3b4275d77d0d3b2e7e6582'),(101,0,'excelFileToDatabaseJob','03f050db8b26216a7bbb82b923f441e1'),(102,0,'excelFileToDatabaseJob','0cdac96d02d3045b99ca1e228c1fafd9'),(103,0,'excelFileToDatabaseJob','7330fce59a6620ecd511d9b71b1a45d4'),(104,0,'excelFileToDatabaseJob','555a57afb5ec9a49efe8766ee7ec44d6'),(105,0,'excelFileToDatabaseJob','870c0847d3c896d82f58d2447d195fa6'),(106,0,'excelFileToDatabaseJob','3f562df6139c03a803709a2f81c66ed4'),(107,0,'excelFileToDatabaseJob','445a2e5f0cfab37c35f88c3003d74e15'),(108,0,'excelFileToDatabaseJob','1c8e4909c6489067a457260001ce8348'),(109,0,'excelFileToDatabaseJob','7d291e56d63f2954483bd26ec260d883'),(110,0,'excelFileToDatabaseJob','fa6f87a4844191a53ef8a03e6342628b'),(111,0,'excelFileToDatabaseJob','edd2b09417eb381fcc18a580011488de'),(112,0,'excelFileToDatabaseJob','ee764860702b3783ce93b04dc6c6fc04'),(113,0,'excelFileToDatabaseJob','06f0fc6f3e9b39834d4bd7d28f5be1f5'),(114,0,'excelFileToDatabaseJob','59003cbd54ee22864ec9f4c11d53b888'),(115,0,'excelFileToDatabaseJob','5b4bf54187a19c5310cbe5ed8b858bcd'),(116,0,'excelFileToDatabaseJob','addd85e59edf193aadeb97168bf70d9b'),(117,0,'excelFileToDatabaseJob','f0ac4ccfcc68ecfa89be64989f416d9b'),(118,0,'excelFileToDatabaseJob','45b35b8ab9af4e1c411cf298a398a643'),(119,0,'excelFileToDatabaseJob','93c462166689c75ae3cdede45711a1de'),(120,0,'excelFileToDatabaseJob','1129942905f2684c565323e90119a084'),(121,0,'excelFileToDatabaseJob','45d70ac06b5e16321ce66e28aa1aa88f'),(122,0,'excelFileToDatabaseJob','4b2563a3d32171e14d52592a12c092b2'),(123,0,'excelFileToDatabaseJob','29146305bda69193ba1a43bbbeda6b6b'),(124,0,'excelFileToDatabaseJob','ee9b73f2889d662b0ec0bd0e30654c1b'),(125,0,'excelFileToDatabaseJob','e79496ff84b24f73f850833bff88df58'),(126,0,'excelFileToDatabaseJob','94fbe1efdf0f8626d4752d9136827999'),(127,0,'excelFileToDatabaseJob','dda380aad861a4aaba513fb3510516e8'),(128,0,'excelFileToDatabaseJob','49a7070cc45e3cd3126015e2a1ed6bd6'),(129,0,'excelFileToDatabaseJob','08e67e97ad1b43eec46e4058a2b09768'),(130,0,'excelFileToDatabaseJob','b90b9a27cd4955dbbc31c7cb532d0058'),(131,0,'excelFileToDatabaseJob','11aed29c6ac343ace6407a721822e907'),(132,0,'excelFileToDatabaseJob','9a1088c46ade18eea000e95b598aecff'),(133,0,'excelFileToDatabaseJob','45e4f512b6fb9b5b5e53f1cd74f88127'),(134,0,'excelFileToDatabaseJob','0a1542b8dc0e531cc72d9b3e4aa3c8e9'),(135,0,'excelFileToDatabaseJob','43824728651cb0e1e88ff4a80920f0cc'),(136,0,'excelFileToDatabaseJob','db53530993e775108f829c58c77e8eed'),(137,0,'excelFileToDatabaseJob','15d5e8011bcf70cc6f41cbbdf0c50fc3'),(138,0,'excelFileToDatabaseJob','21185084da26a76de5a6642ac7c90526'),(139,0,'excelFileToDatabaseJob','d7e99418432511d489811465fccac6ba'),(140,0,'excelFileToDatabaseJob','93336bae5cb7b43469fe080f1ba432ef'),(141,0,'excelFileToDatabaseJob','cdeba6bede1f4d66d3c4dbe3c3ec7d50'),(142,0,'excelFileToDatabaseJob','8bcfe99c47ceddea2d591f4a4a793467'),(143,0,'excelFileToDatabaseJob','c785e588c97ceda722ff21c54fa71c71'),(144,0,'excelFileToDatabaseJob','bab6690313b7d5fed142f52b2f40ae22'),(145,0,'excelFileToDatabaseJob','01121f0ad425c9e8afedc9cf5fe65fe5'),(146,0,'excelFileToDatabaseJob','c80564070b40a5669cef7c8b25f16a96'),(147,0,'excelFileToDatabaseJob','01bbe1d5def0a5acf5968d12c29852b0'),(148,0,'excelFileToDatabaseJob','9035acd1bbd49dbaab5a438574566f7f'),(149,0,'excelFileToDatabaseJob','beb5ac23dc4ac310f201641333efc174'),(150,0,'excelFileToDatabaseJob','7215e4ce6ab7fe5dfb1f1a0644e2ede7'),(151,0,'excelFileToDatabaseJob','4c91be99013c1f65b45d599f619c8bb5'),(152,0,'excelFileToDatabaseJob','991ebaa5b82dc1b9398702bff02c8b00'),(153,0,'excelFileToDatabaseJob','f81f7fe6119fcb108c2a40fd3cf89d2e'),(154,0,'excelFileToDatabaseJob','2e856580820c30806e91491e6f867bd6'),(155,0,'excelFileToDatabaseJob','067d41e2106b9caca25e80ae7d980357'),(156,0,'excelFileToDatabaseJob','fcda8c0be275b9ab87df8c7c60bc3cb9'),(157,0,'excelFileToDatabaseJob','04c36e3c606302b8b277a0fb8dd4e9ba'),(158,0,'excelFileToDatabaseJob','7fbd75d651529e0ad8b8f3fae9f6772f'),(159,0,'excelFileToDatabaseJob','997e018bab3e75a34464ce49a63cbf5e'),(160,0,'excelFileToDatabaseJob','965094de1b5ca0c0952a4a1bf8ec97da'),(161,0,'excelFileToDatabaseJob','16cb6245d4aa0aa657521fb06ddcfa97'),(162,0,'excelFileToDatabaseJob','36595241d5e718ef5c6849e29a7c97c5'),(163,0,'excelFileToDatabaseJob','3ebcfd891a00faabaaa79a74cde22609'),(164,0,'excelFileToDatabaseJob','fb2af68959366bfda9b41cc717e03f78'),(165,0,'excelFileToDatabaseJob','9d1a05b61d62a3fd56778170ec366a4e'),(166,0,'excelFileToDatabaseJob','f968405d85bcbeaf54d04a010127a3ac'),(167,0,'excelFileToDatabaseJob','c82cb5201aadcd4da9e9b35299737e83'),(168,0,'excelFileToDatabaseJob','33bd6cd3553b7f97fa9ef624a6ea36b6'),(169,0,'excelFileToDatabaseJob','50e4f7f283c0a9cd44e16b3640d10168'),(170,0,'excelFileToDatabaseJob','73502276945e32355802cf95339e3982'),(171,0,'excelFileToDatabaseJob','99cfdeef1bba4bfde0579dd194c9575e'),(172,0,'excelFileToDatabaseJob','0e70d03f23ce4fae78b5a71438acde41'),(173,0,'excelFileToDatabaseJob','418d06f401f44ec83030432ba98e9799'),(174,0,'excelFileToDatabaseJob','2ac68ad1ca7be0524b37794dd96f8003'),(175,0,'excelFileToDatabaseJob','f23c22b01572e3e4e164392be889fe23'),(176,0,'excelFileToDatabaseJob','0594eacce8cae7a683534126eb528dcd'),(177,0,'excelFileToDatabaseJob','a8fcd853a6d89d1b027f26c9eeb1459e'),(178,0,'excelFileToDatabaseJob','84b1d3d7fbc112b71da7847af8d008f2');
/*!40000 ALTER TABLE `batch_job_instance` ENABLE KEYS */;
UNLOCK TABLES;

--
-- Table structure for table `batch_job_seq`
--

-- DROP TABLE IF EXISTS `batch_job_seq`;
/*!40101 SET @saved_cs_client     = @@character_set_client */;
/*!50503 SET character_set_client = utf8mb4 */;
CREATE TABLE `batch_job_seq` (
  `ID` bigint NOT NULL,
  `UNIQUE_KEY` char(1) NOT NULL,
  UNIQUE KEY `UNIQUE_KEY_UN` (`UNIQUE_KEY`)
);
/*!40101 SET character_set_client = @saved_cs_client */;

--
-- Dumping data for table `batch_job_seq`
--

LOCK TABLES `batch_job_seq` WRITE;
/*!40000 ALTER TABLE `batch_job_seq` DISABLE KEYS */;
INSERT INTO `batch_job_seq` VALUES (178,'0');
/*!40000 ALTER TABLE `batch_job_seq` ENABLE KEYS */;
UNLOCK TABLES;

--
-- Table structure for table `batch_step_execution`
--

-- DROP TABLE IF EXISTS `batch_step_execution`;
/*!40101 SET @saved_cs_client     = @@character_set_client */;
/*!50503 SET character_set_client = utf8mb4 */;
CREATE TABLE `batch_step_execution` (
  `STEP_EXECUTION_ID` bigint NOT NULL,
  `VERSION` bigint NOT NULL,
  `STEP_NAME` varchar(100) NOT NULL,
  `JOB_EXECUTION_ID` bigint NOT NULL,
  `START_TIME` datetime NOT NULL,
  `END_TIME` datetime DEFAULT NULL,
  `STATUS` varchar(10) DEFAULT NULL,
  `COMMIT_COUNT` bigint DEFAULT NULL,
  `READ_COUNT` bigint DEFAULT NULL,
  `FILTER_COUNT` bigint DEFAULT NULL,
  `WRITE_COUNT` bigint DEFAULT NULL,
  `READ_SKIP_COUNT` bigint DEFAULT NULL,
  `WRITE_SKIP_COUNT` bigint DEFAULT NULL,
  `PROCESS_SKIP_COUNT` bigint DEFAULT NULL,
  `ROLLBACK_COUNT` bigint DEFAULT NULL,
  `EXIT_CODE` varchar(2500) DEFAULT NULL,
  `EXIT_MESSAGE` varchar(2500) DEFAULT NULL,
  `LAST_UPDATED` datetime DEFAULT NULL,
  PRIMARY KEY (`STEP_EXECUTION_ID`),
  KEY `JOB_EXEC_STEP_FK` (`JOB_EXECUTION_ID`),
  CONSTRAINT `JOB_EXEC_STEP_FK` FOREIGN KEY (`JOB_EXECUTION_ID`) REFERENCES `batch_job_execution` (`JOB_EXECUTION_ID`)
);
/*!40101 SET character_set_client = @saved_cs_client */;

--
-- Dumping data for table `batch_step_execution`
--

LOCK TABLES `batch_step_execution` WRITE;
/*!40000 ALTER TABLE `batch_step_execution` DISABLE KEYS */;
INSERT INTO `batch_step_execution` VALUES (1,2,'eventSummaryUploadStep',1,'2020-03-16 03:19:50','2020-03-16 03:19:51','FAILED',0,0,0,0,0,0,0,0,'FAILED','org.springframework.batch.item.ItemStreamException: Failed to initialize the reader\r\n	at org.springframework.batch.item.support.AbstractItemCountingItemStreamItemReader.open(AbstractItemCountingItemStreamItemReader.java:153)\r\n	at org.springframework.batch.item.support.CompositeItemStream.open(CompositeItemStream.java:103)\r\n	at org.springframework.batch.core.step.tasklet.TaskletStep.open(TaskletStep.java:311)\r\n	at org.springframework.batch.core.step.AbstractStep.execute(AbstractStep.java:205)\r\n	at org.springframework.batch.core.job.SimpleStepHandler.handleStep(SimpleStepHandler.java:148)\r\n	at org.springframework.batch.core.job.flow.JobFlowExecutor.executeStep(JobFlowExecutor.java:68)\r\n	at org.springframework.batch.core.job.flow.support.state.StepState.handle(StepState.java:68)\r\n	at org.springframework.batch.core.job.flow.support.SimpleFlow.resume(SimpleFlow.java:169)\r\n	at org.springframework.batch.core.job.flow.support.SimpleFlow.start(SimpleFlow.java:144)\r\n	at org.springframework.batch.core.job.flow.FlowJob.doExecute(FlowJob.java:137)\r\n	at org.springframework.batch.core.job.AbstractJob.execute(AbstractJob.java:319)\r\n	at org.springframework.batch.core.launch.support.SimpleJobLauncher$1.run(SimpleJobLauncher.java:147)\r\n	at org.springframework.core.task.SyncTaskExecutor.execute(SyncTaskExecutor.java:50)\r\n	at org.springframework.batch.core.launch.support.SimpleJobLauncher.run(SimpleJobLauncher.java:140)\r\n	at java.base/jdk.internal.reflect.NativeMethodAccessorImpl.invoke0(Native Method)\r\n	at java.base/jdk.internal.reflect.NativeMethodAccessorImpl.invoke(NativeMethodAccessorImpl.java:62)\r\n	at java.base/jdk.internal.reflect.DelegatingMethodAccessorImpl.invoke(DelegatingMethodAccessorImpl.java:43)\r\n	at java.base/java.lang.reflect.Method.invoke(Method.java:567)\r\n	at org.springframework.aop.support.AopUtils.invokeJoinpointUsingReflection(AopUtils.java:344)\r\n	at org.springframework.aop.framework.ReflectiveMethodInvocation.invokeJoinpoint(ReflectiveMethodInvocation.java:198)\r\n	at org.springframework.aop.framework.ReflectiveMethodInvocation.proceed(ReflectiveMethodInvocation.java:163)\r\n	at org.springframework.batch.core.configuration.annotation.SimpleBatchConfiguration$PassthruAdvice.invoke(SimpleBatchConfiguration.java:127)\r\n	at org.springframework.aop.framework.ReflectiveMethodInvocation.proceed(ReflectiveMethodInvocation.java:186)\r\n	at org.springframework.aop.framework.JdkDynamicAopProxy.invoke(JdkDynamicAopProxy.java:212)\r\n	at com.sun.proxy.$Proxy170.run(Unknown So','2020-03-16 03:19:51'),(2,2,'eventSummaryUploadStep',2,'2020-03-16 03:22:33','2020-03-16 03:22:33','FAILED',0,0,0,0,0,0,0,0,'FAILED','org.springframework.batch.item.ItemStreamException: Failed to initialize the reader\r\n	at org.springframework.batch.item.support.AbstractItemCountingItemStreamItemReader.open(AbstractItemCountingItemStreamItemReader.java:153)\r\n	at org.springframework.batch.item.support.CompositeItemStream.open(CompositeItemStream.java:103)\r\n	at org.springframework.batch.core.step.tasklet.TaskletStep.open(TaskletStep.java:311)\r\n	at org.springframework.batch.core.step.AbstractStep.execute(AbstractStep.java:205)\r\n	at org.springframework.batch.core.job.SimpleStepHandler.handleStep(SimpleStepHandler.java:148)\r\n	at org.springframework.batch.core.job.flow.JobFlowExecutor.executeStep(JobFlowExecutor.java:68)\r\n	at org.springframework.batch.core.job.flow.support.state.StepState.handle(StepState.java:68)\r\n	at org.springframework.batch.core.job.flow.support.SimpleFlow.resume(SimpleFlow.java:169)\r\n	at org.springframework.batch.core.job.flow.support.SimpleFlow.start(SimpleFlow.java:144)\r\n	at org.springframework.batch.core.job.flow.FlowJob.doExecute(FlowJob.java:137)\r\n	at org.springframework.batch.core.job.AbstractJob.execute(AbstractJob.java:319)\r\n	at org.springframework.batch.core.launch.support.SimpleJobLauncher$1.run(SimpleJobLauncher.java:147)\r\n	at org.springframework.core.task.SyncTaskExecutor.execute(SyncTaskExecutor.java:50)\r\n	at org.springframework.batch.core.launch.support.SimpleJobLauncher.run(SimpleJobLauncher.java:140)\r\n	at java.base/jdk.internal.reflect.NativeMethodAccessorImpl.invoke0(Native Method)\r\n	at java.base/jdk.internal.reflect.NativeMethodAccessorImpl.invoke(NativeMethodAccessorImpl.java:62)\r\n	at java.base/jdk.internal.reflect.DelegatingMethodAccessorImpl.invoke(DelegatingMethodAccessorImpl.java:43)\r\n	at java.base/java.lang.reflect.Method.invoke(Method.java:567)\r\n	at org.springframework.aop.support.AopUtils.invokeJoinpointUsingReflection(AopUtils.java:344)\r\n	at org.springframework.aop.framework.ReflectiveMethodInvocation.invokeJoinpoint(ReflectiveMethodInvocation.java:198)\r\n	at org.springframework.aop.framework.ReflectiveMethodInvocation.proceed(ReflectiveMethodInvocation.java:163)\r\n	at org.springframework.batch.core.configuration.annotation.SimpleBatchConfiguration$PassthruAdvice.invoke(SimpleBatchConfiguration.java:127)\r\n	at org.springframework.aop.framework.ReflectiveMethodInvocation.proceed(ReflectiveMethodInvocation.java:186)\r\n	at org.springframework.aop.framework.JdkDynamicAopProxy.invoke(JdkDynamicAopProxy.java:212)\r\n	at com.sun.proxy.$Proxy205.run(Unknown So','2020-03-16 03:22:33'),(3,2,'eventSummaryUploadStep',3,'2020-03-16 03:24:43','2020-03-16 03:24:43','FAILED',0,0,0,0,0,0,0,0,'FAILED','org.springframework.batch.item.ItemStreamException: Failed to initialize the reader\r\n	at org.springframework.batch.item.support.AbstractItemCountingItemStreamItemReader.open(AbstractItemCountingItemStreamItemReader.java:153)\r\n	at org.springframework.batch.item.support.CompositeItemStream.open(CompositeItemStream.java:103)\r\n	at org.springframework.batch.core.step.tasklet.TaskletStep.open(TaskletStep.java:311)\r\n	at org.springframework.batch.core.step.AbstractStep.execute(AbstractStep.java:205)\r\n	at org.springframework.batch.core.job.SimpleStepHandler.handleStep(SimpleStepHandler.java:148)\r\n	at org.springframework.batch.core.job.flow.JobFlowExecutor.executeStep(JobFlowExecutor.java:68)\r\n	at org.springframework.batch.core.job.flow.support.state.StepState.handle(StepState.java:68)\r\n	at org.springframework.batch.core.job.flow.support.SimpleFlow.resume(SimpleFlow.java:169)\r\n	at org.springframework.batch.core.job.flow.support.SimpleFlow.start(SimpleFlow.java:144)\r\n	at org.springframework.batch.core.job.flow.FlowJob.doExecute(FlowJob.java:137)\r\n	at org.springframework.batch.core.job.AbstractJob.execute(AbstractJob.java:319)\r\n	at org.springframework.batch.core.launch.support.SimpleJobLauncher$1.run(SimpleJobLauncher.java:147)\r\n	at org.springframework.core.task.SyncTaskExecutor.execute(SyncTaskExecutor.java:50)\r\n	at org.springframework.batch.core.launch.support.SimpleJobLauncher.run(SimpleJobLauncher.java:140)\r\n	at java.base/jdk.internal.reflect.NativeMethodAccessorImpl.invoke0(Native Method)\r\n	at java.base/jdk.internal.reflect.NativeMethodAccessorImpl.invoke(NativeMethodAccessorImpl.java:62)\r\n	at java.base/jdk.internal.reflect.DelegatingMethodAccessorImpl.invoke(DelegatingMethodAccessorImpl.java:43)\r\n	at java.base/java.lang.reflect.Method.invoke(Method.java:567)\r\n	at org.springframework.aop.support.AopUtils.invokeJoinpointUsingReflection(AopUtils.java:344)\r\n	at org.springframework.aop.framework.ReflectiveMethodInvocation.invokeJoinpoint(ReflectiveMethodInvocation.java:198)\r\n	at org.springframework.aop.framework.ReflectiveMethodInvocation.proceed(ReflectiveMethodInvocation.java:163)\r\n	at org.springframework.batch.core.configuration.annotation.SimpleBatchConfiguration$PassthruAdvice.invoke(SimpleBatchConfiguration.java:127)\r\n	at org.springframework.aop.framework.ReflectiveMethodInvocation.proceed(ReflectiveMethodInvocation.java:186)\r\n	at org.springframework.aop.framework.JdkDynamicAopProxy.invoke(JdkDynamicAopProxy.java:212)\r\n	at com.sun.proxy.$Proxy275.run(Unknown So','2020-03-16 03:24:43'),(4,2,'eventSummaryUploadStep',4,'2020-03-16 03:27:03','2020-03-16 03:27:03','FAILED',0,0,0,0,0,0,0,0,'FAILED','org.springframework.batch.item.ItemStreamException: Failed to initialize the reader\r\n	at org.springframework.batch.item.support.AbstractItemCountingItemStreamItemReader.open(AbstractItemCountingItemStreamItemReader.java:153)\r\n	at org.springframework.batch.item.support.CompositeItemStream.open(CompositeItemStream.java:103)\r\n	at org.springframework.batch.core.step.tasklet.TaskletStep.open(TaskletStep.java:311)\r\n	at org.springframework.batch.core.step.AbstractStep.execute(AbstractStep.java:205)\r\n	at org.springframework.batch.core.job.SimpleStepHandler.handleStep(SimpleStepHandler.java:148)\r\n	at org.springframework.batch.core.job.flow.JobFlowExecutor.executeStep(JobFlowExecutor.java:68)\r\n	at org.springframework.batch.core.job.flow.support.state.StepState.handle(StepState.java:68)\r\n	at org.springframework.batch.core.job.flow.support.SimpleFlow.resume(SimpleFlow.java:169)\r\n	at org.springframework.batch.core.job.flow.support.SimpleFlow.start(SimpleFlow.java:144)\r\n	at org.springframework.batch.core.job.flow.FlowJob.doExecute(FlowJob.java:137)\r\n	at org.springframework.batch.core.job.AbstractJob.execute(AbstractJob.java:319)\r\n	at org.springframework.batch.core.launch.support.SimpleJobLauncher$1.run(SimpleJobLauncher.java:147)\r\n	at org.springframework.core.task.SyncTaskExecutor.execute(SyncTaskExecutor.java:50)\r\n	at org.springframework.batch.core.launch.support.SimpleJobLauncher.run(SimpleJobLauncher.java:140)\r\n	at java.base/jdk.internal.reflect.NativeMethodAccessorImpl.invoke0(Native Method)\r\n	at java.base/jdk.internal.reflect.NativeMethodAccessorImpl.invoke(NativeMethodAccessorImpl.java:62)\r\n	at java.base/jdk.internal.reflect.DelegatingMethodAccessorImpl.invoke(DelegatingMethodAccessorImpl.java:43)\r\n	at java.base/java.lang.reflect.Method.invoke(Method.java:567)\r\n	at org.springframework.aop.support.AopUtils.invokeJoinpointUsingReflection(AopUtils.java:344)\r\n	at org.springframework.aop.framework.ReflectiveMethodInvocation.invokeJoinpoint(ReflectiveMethodInvocation.java:198)\r\n	at org.springframework.aop.framework.ReflectiveMethodInvocation.proceed(ReflectiveMethodInvocation.java:163)\r\n	at org.springframework.batch.core.configuration.annotation.SimpleBatchConfiguration$PassthruAdvice.invoke(SimpleBatchConfiguration.java:127)\r\n	at org.springframework.aop.framework.ReflectiveMethodInvocation.proceed(ReflectiveMethodInvocation.java:186)\r\n	at org.springframework.aop.framework.JdkDynamicAopProxy.invoke(JdkDynamicAopProxy.java:212)\r\n	at com.sun.proxy.$Proxy289.run(Unknown So','2020-03-16 03:27:03'),(5,2,'eventSummaryUploadStep',5,'2020-03-16 03:30:53','2020-03-16 03:31:00','FAILED',0,0,0,0,0,0,0,0,'FAILED','org.springframework.batch.item.ItemStreamException: Failed to initialize the reader\r\n	at org.springframework.batch.item.support.AbstractItemCountingItemStreamItemReader.open(AbstractItemCountingItemStreamItemReader.java:153)\r\n	at org.springframework.batch.item.support.CompositeItemStream.open(CompositeItemStream.java:103)\r\n	at org.springframework.batch.core.step.tasklet.TaskletStep.open(TaskletStep.java:311)\r\n	at org.springframework.batch.core.step.AbstractStep.execute(AbstractStep.java:205)\r\n	at org.springframework.batch.core.job.SimpleStepHandler.handleStep(SimpleStepHandler.java:148)\r\n	at org.springframework.batch.core.job.flow.JobFlowExecutor.executeStep(JobFlowExecutor.java:68)\r\n	at org.springframework.batch.core.job.flow.support.state.StepState.handle(StepState.java:68)\r\n	at org.springframework.batch.core.job.flow.support.SimpleFlow.resume(SimpleFlow.java:169)\r\n	at org.springframework.batch.core.job.flow.support.SimpleFlow.start(SimpleFlow.java:144)\r\n	at org.springframework.batch.core.job.flow.FlowJob.doExecute(FlowJob.java:137)\r\n	at org.springframework.batch.core.job.AbstractJob.execute(AbstractJob.java:319)\r\n	at org.springframework.batch.core.launch.support.SimpleJobLauncher$1.run(SimpleJobLauncher.java:147)\r\n	at org.springframework.core.task.SyncTaskExecutor.execute(SyncTaskExecutor.java:50)\r\n	at org.springframework.batch.core.launch.support.SimpleJobLauncher.run(SimpleJobLauncher.java:140)\r\n	at java.base/jdk.internal.reflect.NativeMethodAccessorImpl.invoke0(Native Method)\r\n	at java.base/jdk.internal.reflect.NativeMethodAccessorImpl.invoke(NativeMethodAccessorImpl.java:62)\r\n	at java.base/jdk.internal.reflect.DelegatingMethodAccessorImpl.invoke(DelegatingMethodAccessorImpl.java:43)\r\n	at java.base/java.lang.reflect.Method.invoke(Method.java:567)\r\n	at org.springframework.aop.support.AopUtils.invokeJoinpointUsingReflection(AopUtils.java:344)\r\n	at org.springframework.aop.framework.ReflectiveMethodInvocation.invokeJoinpoint(ReflectiveMethodInvocation.java:198)\r\n	at org.springframework.aop.framework.ReflectiveMethodInvocation.proceed(ReflectiveMethodInvocation.java:163)\r\n	at org.springframework.batch.core.configuration.annotation.SimpleBatchConfiguration$PassthruAdvice.invoke(SimpleBatchConfiguration.java:127)\r\n	at org.springframework.aop.framework.ReflectiveMethodInvocation.proceed(ReflectiveMethodInvocation.java:186)\r\n	at org.springframework.aop.framework.JdkDynamicAopProxy.invoke(JdkDynamicAopProxy.java:212)\r\n	at com.sun.proxy.$Proxy310.run(Unknown So','2020-03-16 03:31:00'),(6,2,'eventSummaryUploadStep',6,'2020-03-16 03:35:04','2020-03-16 03:35:04','FAILED',0,2,0,0,0,0,0,1,'FAILED','java.time.format.DateTimeParseException: Text \'15-12-18\' could not be parsed: Unable to obtain LocalDate from TemporalAccessor: {MinuteOfHour=12, Year=2018, DayOfMonth=15},ISO of type java.time.format.Parsed\r\n	at java.base/java.time.format.DateTimeFormatter.createError(DateTimeFormatter.java:2020)\r\n	at java.base/java.time.format.DateTimeFormatter.parse(DateTimeFormatter.java:1955)\r\n	at java.base/java.time.LocalDate.parse(LocalDate.java:428)\r\n	at com.fms.event.batch.EventSummaryProcessor.process(EventSummaryProcessor.java:45)\r\n	at com.fms.event.batch.EventSummaryProcessor.process(EventSummaryProcessor.java:1)\r\n	at org.springframework.batch.core.step.item.SimpleChunkProcessor.doProcess(SimpleChunkProcessor.java:134)\r\n	at org.springframework.batch.core.step.item.SimpleChunkProcessor.transform(SimpleChunkProcessor.java:319)\r\n	at org.springframework.batch.core.step.item.SimpleChunkProcessor.process(SimpleChunkProcessor.java:210)\r\n	at org.springframework.batch.core.step.item.ChunkOrientedTasklet.execute(ChunkOrientedTasklet.java:77)\r\n	at org.springframework.batch.core.step.tasklet.TaskletStep$ChunkTransactionCallback.doInTransaction(TaskletStep.java:407)\r\n	at org.springframework.batch.core.step.tasklet.TaskletStep$ChunkTransactionCallback.doInTransaction(TaskletStep.java:331)\r\n	at org.springframework.transaction.support.TransactionTemplate.execute(TransactionTemplate.java:140)\r\n	at org.springframework.batch.core.step.tasklet.TaskletStep$2.doInChunkContext(TaskletStep.java:273)\r\n	at org.springframework.batch.core.scope.context.StepContextRepeatCallback.doInIteration(StepContextRepeatCallback.java:82)\r\n	at org.springframework.batch.repeat.support.RepeatTemplate.getNextResult(RepeatTemplate.java:375)\r\n	at org.springframework.batch.repeat.support.RepeatTemplate.executeInternal(RepeatTemplate.java:215)\r\n	at org.springframework.batch.repeat.support.RepeatTemplate.iterate(RepeatTemplate.java:145)\r\n	at org.springframework.batch.core.step.tasklet.TaskletStep.doExecute(TaskletStep.java:258)\r\n	at org.springframework.batch.core.step.AbstractStep.execute(AbstractStep.java:208)\r\n	at org.springframework.batch.core.job.SimpleStepHandler.handleStep(SimpleStepHandler.java:148)\r\n	at org.springframework.batch.core.job.flow.JobFlowExecutor.executeStep(JobFlowExecutor.java:68)\r\n	at org.springframework.batch.core.job.flow.support.state.StepState.handle(StepState.java:68)\r\n	at org.springframework.batch.core.job.flow.support.SimpleFlow.resume(SimpleFlow.java:169)\r\n	at org.springframewor','2020-03-16 03:35:04'),(7,2,'eventSummaryUploadStep',7,'2020-03-16 03:38:47','2020-03-16 03:38:47','FAILED',0,2,0,0,0,0,0,1,'FAILED','java.lang.NumberFormatException: For input string: \"88.0\"\r\n	at java.base/java.lang.NumberFormatException.forInputString(NumberFormatException.java:68)\r\n	at java.base/java.lang.Integer.parseInt(Integer.java:658)\r\n	at java.base/java.lang.Integer.valueOf(Integer.java:989)\r\n	at com.fms.event.batch.EventSummaryProcessor.process(EventSummaryProcessor.java:46)\r\n	at com.fms.event.batch.EventSummaryProcessor.process(EventSummaryProcessor.java:1)\r\n	at org.springframework.batch.core.step.item.SimpleChunkProcessor.doProcess(SimpleChunkProcessor.java:134)\r\n	at org.springframework.batch.core.step.item.SimpleChunkProcessor.transform(SimpleChunkProcessor.java:319)\r\n	at org.springframework.batch.core.step.item.SimpleChunkProcessor.process(SimpleChunkProcessor.java:210)\r\n	at org.springframework.batch.core.step.item.ChunkOrientedTasklet.execute(ChunkOrientedTasklet.java:77)\r\n	at org.springframework.batch.core.step.tasklet.TaskletStep$ChunkTransactionCallback.doInTransaction(TaskletStep.java:407)\r\n	at org.springframework.batch.core.step.tasklet.TaskletStep$ChunkTransactionCallback.doInTransaction(TaskletStep.java:331)\r\n	at org.springframework.transaction.support.TransactionTemplate.execute(TransactionTemplate.java:140)\r\n	at org.springframework.batch.core.step.tasklet.TaskletStep$2.doInChunkContext(TaskletStep.java:273)\r\n	at org.springframework.batch.core.scope.context.StepContextRepeatCallback.doInIteration(StepContextRepeatCallback.java:82)\r\n	at org.springframework.batch.repeat.support.RepeatTemplate.getNextResult(RepeatTemplate.java:375)\r\n	at org.springframework.batch.repeat.support.RepeatTemplate.executeInternal(RepeatTemplate.java:215)\r\n	at org.springframework.batch.repeat.support.RepeatTemplate.iterate(RepeatTemplate.java:145)\r\n	at org.springframework.batch.core.step.tasklet.TaskletStep.doExecute(TaskletStep.java:258)\r\n	at org.springframework.batch.core.step.AbstractStep.execute(AbstractStep.java:208)\r\n	at org.springframework.batch.core.job.SimpleStepHandler.handleStep(SimpleStepHandler.java:148)\r\n	at org.springframework.batch.core.job.flow.JobFlowExecutor.executeStep(JobFlowExecutor.java:68)\r\n	at org.springframework.batch.core.job.flow.support.state.StepState.handle(StepState.java:68)\r\n	at org.springframework.batch.core.job.flow.support.SimpleFlow.resume(SimpleFlow.java:169)\r\n	at org.springframework.batch.core.job.flow.support.SimpleFlow.start(SimpleFlow.java:144)\r\n	at org.springframework.batch.core.job.flow.FlowJob.doExecute(FlowJob.java:137)\r\n	at org.springframework.b','2020-03-16 03:38:47'),(8,2,'eventSummaryUploadStep',8,'2020-03-16 03:38:58','2020-03-16 03:38:58','FAILED',0,0,0,0,0,0,0,0,'FAILED','org.springframework.batch.item.ItemStreamException: Failed to initialize the reader\r\n	at org.springframework.batch.item.support.AbstractItemCountingItemStreamItemReader.open(AbstractItemCountingItemStreamItemReader.java:153)\r\n	at org.springframework.batch.item.support.CompositeItemStream.open(CompositeItemStream.java:103)\r\n	at org.springframework.batch.core.step.tasklet.TaskletStep.open(TaskletStep.java:311)\r\n	at org.springframework.batch.core.step.AbstractStep.execute(AbstractStep.java:205)\r\n	at org.springframework.batch.core.job.SimpleStepHandler.handleStep(SimpleStepHandler.java:148)\r\n	at org.springframework.batch.core.job.flow.JobFlowExecutor.executeStep(JobFlowExecutor.java:68)\r\n	at org.springframework.batch.core.job.flow.support.state.StepState.handle(StepState.java:68)\r\n	at org.springframework.batch.core.job.flow.support.SimpleFlow.resume(SimpleFlow.java:169)\r\n	at org.springframework.batch.core.job.flow.support.SimpleFlow.start(SimpleFlow.java:144)\r\n	at org.springframework.batch.core.job.flow.FlowJob.doExecute(FlowJob.java:137)\r\n	at org.springframework.batch.core.job.AbstractJob.execute(AbstractJob.java:319)\r\n	at org.springframework.batch.core.launch.support.SimpleJobLauncher$1.run(SimpleJobLauncher.java:147)\r\n	at org.springframework.core.task.SyncTaskExecutor.execute(SyncTaskExecutor.java:50)\r\n	at org.springframework.batch.core.launch.support.SimpleJobLauncher.run(SimpleJobLauncher.java:140)\r\n	at java.base/jdk.internal.reflect.NativeMethodAccessorImpl.invoke0(Native Method)\r\n	at java.base/jdk.internal.reflect.NativeMethodAccessorImpl.invoke(NativeMethodAccessorImpl.java:62)\r\n	at java.base/jdk.internal.reflect.DelegatingMethodAccessorImpl.invoke(DelegatingMethodAccessorImpl.java:43)\r\n	at java.base/java.lang.reflect.Method.invoke(Method.java:567)\r\n	at org.springframework.aop.support.AopUtils.invokeJoinpointUsingReflection(AopUtils.java:344)\r\n	at org.springframework.aop.framework.ReflectiveMethodInvocation.invokeJoinpoint(ReflectiveMethodInvocation.java:198)\r\n	at org.springframework.aop.framework.ReflectiveMethodInvocation.proceed(ReflectiveMethodInvocation.java:163)\r\n	at org.springframework.batch.core.configuration.annotation.SimpleBatchConfiguration$PassthruAdvice.invoke(SimpleBatchConfiguration.java:127)\r\n	at org.springframework.aop.framework.ReflectiveMethodInvocation.proceed(ReflectiveMethodInvocation.java:186)\r\n	at org.springframework.aop.framework.JdkDynamicAopProxy.invoke(JdkDynamicAopProxy.java:212)\r\n	at com.sun.proxy.$Proxy205.run(Unknown So','2020-03-16 03:38:58'),(9,2,'eventSummaryUploadStep',9,'2020-03-16 03:42:50','2020-03-16 03:42:51','FAILED',0,2,0,0,0,0,0,1,'FAILED','java.lang.NumberFormatException: For input string: \"88.0\"\r\n	at java.base/java.lang.NumberFormatException.forInputString(NumberFormatException.java:68)\r\n	at java.base/java.lang.Integer.parseInt(Integer.java:658)\r\n	at java.base/java.lang.Integer.valueOf(Integer.java:989)\r\n	at com.fms.event.batch.EventSummaryProcessor.process(EventSummaryProcessor.java:46)\r\n	at com.fms.event.batch.EventSummaryProcessor.process(EventSummaryProcessor.java:1)\r\n	at org.springframework.batch.core.step.item.SimpleChunkProcessor.doProcess(SimpleChunkProcessor.java:134)\r\n	at org.springframework.batch.core.step.item.SimpleChunkProcessor.transform(SimpleChunkProcessor.java:319)\r\n	at org.springframework.batch.core.step.item.SimpleChunkProcessor.process(SimpleChunkProcessor.java:210)\r\n	at org.springframework.batch.core.step.item.ChunkOrientedTasklet.execute(ChunkOrientedTasklet.java:77)\r\n	at org.springframework.batch.core.step.tasklet.TaskletStep$ChunkTransactionCallback.doInTransaction(TaskletStep.java:407)\r\n	at org.springframework.batch.core.step.tasklet.TaskletStep$ChunkTransactionCallback.doInTransaction(TaskletStep.java:331)\r\n	at org.springframework.transaction.support.TransactionTemplate.execute(TransactionTemplate.java:140)\r\n	at org.springframework.batch.core.step.tasklet.TaskletStep$2.doInChunkContext(TaskletStep.java:273)\r\n	at org.springframework.batch.core.scope.context.StepContextRepeatCallback.doInIteration(StepContextRepeatCallback.java:82)\r\n	at org.springframework.batch.repeat.support.RepeatTemplate.getNextResult(RepeatTemplate.java:375)\r\n	at org.springframework.batch.repeat.support.RepeatTemplate.executeInternal(RepeatTemplate.java:215)\r\n	at org.springframework.batch.repeat.support.RepeatTemplate.iterate(RepeatTemplate.java:145)\r\n	at org.springframework.batch.core.step.tasklet.TaskletStep.doExecute(TaskletStep.java:258)\r\n	at org.springframework.batch.core.step.AbstractStep.execute(AbstractStep.java:208)\r\n	at org.springframework.batch.core.job.SimpleStepHandler.handleStep(SimpleStepHandler.java:148)\r\n	at org.springframework.batch.core.job.flow.JobFlowExecutor.executeStep(JobFlowExecutor.java:68)\r\n	at org.springframework.batch.core.job.flow.support.state.StepState.handle(StepState.java:68)\r\n	at org.springframework.batch.core.job.flow.support.SimpleFlow.resume(SimpleFlow.java:169)\r\n	at org.springframework.batch.core.job.flow.support.SimpleFlow.start(SimpleFlow.java:144)\r\n	at org.springframework.batch.core.job.flow.FlowJob.doExecute(FlowJob.java:137)\r\n	at org.springframework.b','2020-03-16 03:42:51'),(10,2,'eventSummaryUploadStep',10,'2020-03-16 03:45:33','2020-03-16 03:45:33','FAILED',0,0,0,0,0,0,0,0,'FAILED','org.springframework.batch.item.ItemStreamException: Failed to initialize the reader\r\n	at org.springframework.batch.item.support.AbstractItemCountingItemStreamItemReader.open(AbstractItemCountingItemStreamItemReader.java:153)\r\n	at org.springframework.batch.item.support.CompositeItemStream.open(CompositeItemStream.java:103)\r\n	at org.springframework.batch.core.step.tasklet.TaskletStep.open(TaskletStep.java:311)\r\n	at org.springframework.batch.core.step.AbstractStep.execute(AbstractStep.java:205)\r\n	at org.springframework.batch.core.job.SimpleStepHandler.handleStep(SimpleStepHandler.java:148)\r\n	at org.springframework.batch.core.job.flow.JobFlowExecutor.executeStep(JobFlowExecutor.java:68)\r\n	at org.springframework.batch.core.job.flow.support.state.StepState.handle(StepState.java:68)\r\n	at org.springframework.batch.core.job.flow.support.SimpleFlow.resume(SimpleFlow.java:169)\r\n	at org.springframework.batch.core.job.flow.support.SimpleFlow.start(SimpleFlow.java:144)\r\n	at org.springframework.batch.core.job.flow.FlowJob.doExecute(FlowJob.java:137)\r\n	at org.springframework.batch.core.job.AbstractJob.execute(AbstractJob.java:319)\r\n	at org.springframework.batch.core.launch.support.SimpleJobLauncher$1.run(SimpleJobLauncher.java:147)\r\n	at org.springframework.core.task.SyncTaskExecutor.execute(SyncTaskExecutor.java:50)\r\n	at org.springframework.batch.core.launch.support.SimpleJobLauncher.run(SimpleJobLauncher.java:140)\r\n	at java.base/jdk.internal.reflect.NativeMethodAccessorImpl.invoke0(Native Method)\r\n	at java.base/jdk.internal.reflect.NativeMethodAccessorImpl.invoke(NativeMethodAccessorImpl.java:62)\r\n	at java.base/jdk.internal.reflect.DelegatingMethodAccessorImpl.invoke(DelegatingMethodAccessorImpl.java:43)\r\n	at java.base/java.lang.reflect.Method.invoke(Method.java:567)\r\n	at org.springframework.aop.support.AopUtils.invokeJoinpointUsingReflection(AopUtils.java:344)\r\n	at org.springframework.aop.framework.ReflectiveMethodInvocation.invokeJoinpoint(ReflectiveMethodInvocation.java:198)\r\n	at org.springframework.aop.framework.ReflectiveMethodInvocation.proceed(ReflectiveMethodInvocation.java:163)\r\n	at org.springframework.batch.core.configuration.annotation.SimpleBatchConfiguration$PassthruAdvice.invoke(SimpleBatchConfiguration.java:127)\r\n	at org.springframework.aop.framework.ReflectiveMethodInvocation.proceed(ReflectiveMethodInvocation.java:186)\r\n	at org.springframework.aop.framework.JdkDynamicAopProxy.invoke(JdkDynamicAopProxy.java:212)\r\n	at com.sun.proxy.$Proxy170.run(Unknown So','2020-03-16 03:45:33'),(11,2,'eventSummaryUploadStep',11,'2020-03-16 03:45:49','2020-03-16 03:45:49','FAILED',0,0,0,0,0,0,0,0,'FAILED','org.springframework.batch.item.ItemStreamException: Failed to initialize the reader\r\n	at org.springframework.batch.item.support.AbstractItemCountingItemStreamItemReader.open(AbstractItemCountingItemStreamItemReader.java:153)\r\n	at org.springframework.batch.item.support.CompositeItemStream.open(CompositeItemStream.java:103)\r\n	at org.springframework.batch.core.step.tasklet.TaskletStep.open(TaskletStep.java:311)\r\n	at org.springframework.batch.core.step.AbstractStep.execute(AbstractStep.java:205)\r\n	at org.springframework.batch.core.job.SimpleStepHandler.handleStep(SimpleStepHandler.java:148)\r\n	at org.springframework.batch.core.job.flow.JobFlowExecutor.executeStep(JobFlowExecutor.java:68)\r\n	at org.springframework.batch.core.job.flow.support.state.StepState.handle(StepState.java:68)\r\n	at org.springframework.batch.core.job.flow.support.SimpleFlow.resume(SimpleFlow.java:169)\r\n	at org.springframework.batch.core.job.flow.support.SimpleFlow.start(SimpleFlow.java:144)\r\n	at org.springframework.batch.core.job.flow.FlowJob.doExecute(FlowJob.java:137)\r\n	at org.springframework.batch.core.job.AbstractJob.execute(AbstractJob.java:319)\r\n	at org.springframework.batch.core.launch.support.SimpleJobLauncher$1.run(SimpleJobLauncher.java:147)\r\n	at org.springframework.core.task.SyncTaskExecutor.execute(SyncTaskExecutor.java:50)\r\n	at org.springframework.batch.core.launch.support.SimpleJobLauncher.run(SimpleJobLauncher.java:140)\r\n	at java.base/jdk.internal.reflect.NativeMethodAccessorImpl.invoke0(Native Method)\r\n	at java.base/jdk.internal.reflect.NativeMethodAccessorImpl.invoke(NativeMethodAccessorImpl.java:62)\r\n	at java.base/jdk.internal.reflect.DelegatingMethodAccessorImpl.invoke(DelegatingMethodAccessorImpl.java:43)\r\n	at java.base/java.lang.reflect.Method.invoke(Method.java:567)\r\n	at org.springframework.aop.support.AopUtils.invokeJoinpointUsingReflection(AopUtils.java:344)\r\n	at org.springframework.aop.framework.ReflectiveMethodInvocation.invokeJoinpoint(ReflectiveMethodInvocation.java:198)\r\n	at org.springframework.aop.framework.ReflectiveMethodInvocation.proceed(ReflectiveMethodInvocation.java:163)\r\n	at org.springframework.batch.core.configuration.annotation.SimpleBatchConfiguration$PassthruAdvice.invoke(SimpleBatchConfiguration.java:127)\r\n	at org.springframework.aop.framework.ReflectiveMethodInvocation.proceed(ReflectiveMethodInvocation.java:186)\r\n	at org.springframework.aop.framework.JdkDynamicAopProxy.invoke(JdkDynamicAopProxy.java:212)\r\n	at com.sun.proxy.$Proxy170.run(Unknown So','2020-03-16 03:45:49'),(12,2,'eventSummaryUploadStep',12,'2020-03-16 15:13:15','2020-03-16 15:13:15','FAILED',0,2,0,0,0,0,0,1,'FAILED','java.lang.NumberFormatException: For input string: \"88.0\"\r\n	at java.base/java.lang.NumberFormatException.forInputString(NumberFormatException.java:68)\r\n	at java.base/java.lang.Integer.parseInt(Integer.java:658)\r\n	at java.base/java.lang.Integer.valueOf(Integer.java:989)\r\n	at com.fms.event.batch.EventSummaryProcessor.process(EventSummaryProcessor.java:46)\r\n	at com.fms.event.batch.EventSummaryProcessor.process(EventSummaryProcessor.java:1)\r\n	at org.springframework.batch.core.step.item.SimpleChunkProcessor.doProcess(SimpleChunkProcessor.java:134)\r\n	at org.springframework.batch.core.step.item.SimpleChunkProcessor.transform(SimpleChunkProcessor.java:319)\r\n	at org.springframework.batch.core.step.item.SimpleChunkProcessor.process(SimpleChunkProcessor.java:210)\r\n	at org.springframework.batch.core.step.item.ChunkOrientedTasklet.execute(ChunkOrientedTasklet.java:77)\r\n	at org.springframework.batch.core.step.tasklet.TaskletStep$ChunkTransactionCallback.doInTransaction(TaskletStep.java:407)\r\n	at org.springframework.batch.core.step.tasklet.TaskletStep$ChunkTransactionCallback.doInTransaction(TaskletStep.java:331)\r\n	at org.springframework.transaction.support.TransactionTemplate.execute(TransactionTemplate.java:140)\r\n	at org.springframework.batch.core.step.tasklet.TaskletStep$2.doInChunkContext(TaskletStep.java:273)\r\n	at org.springframework.batch.core.scope.context.StepContextRepeatCallback.doInIteration(StepContextRepeatCallback.java:82)\r\n	at org.springframework.batch.repeat.support.RepeatTemplate.getNextResult(RepeatTemplate.java:375)\r\n	at org.springframework.batch.repeat.support.RepeatTemplate.executeInternal(RepeatTemplate.java:215)\r\n	at org.springframework.batch.repeat.support.RepeatTemplate.iterate(RepeatTemplate.java:145)\r\n	at org.springframework.batch.core.step.tasklet.TaskletStep.doExecute(TaskletStep.java:258)\r\n	at org.springframework.batch.core.step.AbstractStep.execute(AbstractStep.java:208)\r\n	at org.springframework.batch.core.job.SimpleStepHandler.handleStep(SimpleStepHandler.java:148)\r\n	at org.springframework.batch.core.job.flow.JobFlowExecutor.executeStep(JobFlowExecutor.java:68)\r\n	at org.springframework.batch.core.job.flow.support.state.StepState.handle(StepState.java:68)\r\n	at org.springframework.batch.core.job.flow.support.SimpleFlow.resume(SimpleFlow.java:169)\r\n	at org.springframework.batch.core.job.flow.support.SimpleFlow.start(SimpleFlow.java:144)\r\n	at org.springframework.batch.core.job.flow.FlowJob.doExecute(FlowJob.java:137)\r\n	at org.springframework.b','2020-03-16 15:13:15'),(13,2,'eventSummaryUploadStep',13,'2020-03-16 17:35:15','2020-03-16 17:35:16','FAILED',0,2,0,0,0,0,0,1,'FAILED','java.lang.NumberFormatException: For input string: \"123456.0\"\r\n	at java.base/java.lang.NumberFormatException.forInputString(NumberFormatException.java:68)\r\n	at java.base/java.lang.Long.parseLong(Long.java:699)\r\n	at java.base/java.lang.Long.valueOf(Long.java:1151)\r\n	at java.base/java.util.stream.ReferencePipeline$3$1.accept(ReferencePipeline.java:195)\r\n	at java.base/java.util.Spliterators$ArraySpliterator.forEachRemaining(Spliterators.java:948)\r\n	at java.base/java.util.stream.AbstractPipeline.copyInto(AbstractPipeline.java:484)\r\n	at java.base/java.util.stream.AbstractPipeline.wrapAndCopyInto(AbstractPipeline.java:474)\r\n	at java.base/java.util.stream.ReduceOps$ReduceOp.evaluateSequential(ReduceOps.java:913)\r\n	at java.base/java.util.stream.AbstractPipeline.evaluate(AbstractPipeline.java:234)\r\n	at java.base/java.util.stream.ReferencePipeline.collect(ReferencePipeline.java:578)\r\n	at com.fms.event.batch.EventSummaryProcessor.process(EventSummaryProcessor.java:57)\r\n	at com.fms.event.batch.EventSummaryProcessor.process(EventSummaryProcessor.java:1)\r\n	at org.springframework.batch.core.step.item.SimpleChunkProcessor.doProcess(SimpleChunkProcessor.java:134)\r\n	at org.springframework.batch.core.step.item.SimpleChunkProcessor.transform(SimpleChunkProcessor.java:319)\r\n	at org.springframework.batch.core.step.item.SimpleChunkProcessor.process(SimpleChunkProcessor.java:210)\r\n	at org.springframework.batch.core.step.item.ChunkOrientedTasklet.execute(ChunkOrientedTasklet.java:77)\r\n	at org.springframework.batch.core.step.tasklet.TaskletStep$ChunkTransactionCallback.doInTransaction(TaskletStep.java:407)\r\n	at org.springframework.batch.core.step.tasklet.TaskletStep$ChunkTransactionCallback.doInTransaction(TaskletStep.java:331)\r\n	at org.springframework.transaction.support.TransactionTemplate.execute(TransactionTemplate.java:140)\r\n	at org.springframework.batch.core.step.tasklet.TaskletStep$2.doInChunkContext(TaskletStep.java:273)\r\n	at org.springframework.batch.core.scope.context.StepContextRepeatCallback.doInIteration(StepContextRepeatCallback.java:82)\r\n	at org.springframework.batch.repeat.support.RepeatTemplate.getNextResult(RepeatTemplate.java:375)\r\n	at org.springframework.batch.repeat.support.RepeatTemplate.executeInternal(RepeatTemplate.java:215)\r\n	at org.springframework.batch.repeat.support.RepeatTemplate.iterate(RepeatTemplate.java:145)\r\n	at org.springframework.batch.core.step.tasklet.TaskletStep.doExecute(TaskletStep.java:258)\r\n	at org.springframework.batch.core.step.Abstract','2020-03-16 17:35:16'),(14,2,'eventSummaryUploadStep',14,'2020-03-16 17:37:13','2020-03-16 17:37:14','FAILED',0,2,0,0,0,0,0,1,'FAILED','org.springframework.dao.InvalidDataAccessApiUsageException: org.hibernate.TransientObjectException: object references an unsaved transient instance - save the transient instance before flushing: com.fms.event.model.EventPOC; nested exception is java.lang.IllegalStateException: org.hibernate.TransientObjectException: object references an unsaved transient instance - save the transient instance before flushing: com.fms.event.model.EventPOC\r\n	at org.springframework.orm.jpa.EntityManagerFactoryUtils.convertJpaAccessExceptionIfPossible(EntityManagerFactoryUtils.java:371)\r\n	at org.springframework.orm.jpa.vendor.HibernateJpaDialect.translateExceptionIfPossible(HibernateJpaDialect.java:257)\r\n	at org.springframework.orm.jpa.JpaTransactionManager.doCommit(JpaTransactionManager.java:538)\r\n	at org.springframework.transaction.support.AbstractPlatformTransactionManager.processCommit(AbstractPlatformTransactionManager.java:743)\r\n	at org.springframework.transaction.support.AbstractPlatformTransactionManager.commit(AbstractPlatformTransactionManager.java:711)\r\n	at java.base/jdk.internal.reflect.NativeMethodAccessorImpl.invoke0(Native Method)\r\n	at java.base/jdk.internal.reflect.NativeMethodAccessorImpl.invoke(NativeMethodAccessorImpl.java:62)\r\n	at java.base/jdk.internal.reflect.DelegatingMethodAccessorImpl.invoke(DelegatingMethodAccessorImpl.java:43)\r\n	at java.base/java.lang.reflect.Method.invoke(Method.java:567)\r\n	at org.springframework.aop.support.AopUtils.invokeJoinpointUsingReflection(AopUtils.java:344)\r\n	at org.springframework.aop.framework.ReflectiveMethodInvocation.invokeJoinpoint(ReflectiveMethodInvocation.java:198)\r\n	at org.springframework.aop.framework.ReflectiveMethodInvocation.proceed(ReflectiveMethodInvocation.java:163)\r\n	at org.springframework.batch.core.configuration.annotation.SimpleBatchConfiguration$PassthruAdvice.invoke(SimpleBatchConfiguration.java:127)\r\n	at org.springframework.aop.framework.ReflectiveMethodInvocation.proceed(ReflectiveMethodInvocation.java:186)\r\n	at org.springframework.aop.framework.JdkDynamicAopProxy.invoke(JdkDynamicAopProxy.java:212)\r\n	at com.sun.proxy.$Proxy204.commit(Unknown Source)\r\n	at org.springframework.transaction.support.TransactionTemplate.execute(TransactionTemplate.java:152)\r\n	at org.springframework.batch.core.step.tasklet.TaskletStep$2.doInChunkContext(TaskletStep.java:273)\r\n	at org.springframework.batch.core.scope.context.StepContextRepeatCallback.doInIteration(StepContextRepeatCallback.java:82)\r\n	at org.springframework.','2020-03-16 17:37:14'),(15,3,'eventSummaryUploadStep',15,'2020-03-16 17:40:23','2020-03-16 17:40:23','COMPLETED',1,2,0,2,0,0,0,0,'COMPLETED','','2020-03-16 17:40:23'),(16,3,'eventSummaryUploadStep',16,'2020-03-16 17:42:58','2020-03-16 17:42:58','COMPLETED',1,2,0,2,0,0,0,0,'COMPLETED','','2020-03-16 17:42:58'),(17,2,'eventSummaryUploadStep',17,'2020-03-17 01:46:28','2020-03-17 01:46:30','FAILED',0,0,0,0,0,0,0,1,'FAILED','org.springframework.beans.factory.BeanCreationException: Error creating bean with name \'scopedTarget.excelEventSummaryReader\' defined in class path resource [com/fms/event/batch/EventSummaryBatchConfig.class]: Bean instantiation via factory method failed; nested exception is org.springframework.beans.BeanInstantiationException: Failed to instantiate [org.springframework.batch.item.ItemReader]: Factory method \'excelEventSummaryReader\' threw exception; nested exception is java.io.FileNotFoundException: C:\\mywork\\Uploads\\event-summary - Copy.xlsx (The system cannot find the file specified)\r\n	at org.springframework.beans.factory.support.ConstructorResolver.instantiate(ConstructorResolver.java:656)\r\n	at org.springframework.beans.factory.support.ConstructorResolver.instantiateUsingFactoryMethod(ConstructorResolver.java:636)\r\n	at org.springframework.beans.factory.support.AbstractAutowireCapableBeanFactory.instantiateUsingFactoryMethod(AbstractAutowireCapableBeanFactory.java:1338)\r\n	at org.springframework.beans.factory.support.AbstractAutowireCapableBeanFactory.createBeanInstance(AbstractAutowireCapableBeanFactory.java:1177)\r\n	at org.springframework.beans.factory.support.AbstractAutowireCapableBeanFactory.doCreateBean(AbstractAutowireCapableBeanFactory.java:557)\r\n	at org.springframework.beans.factory.support.AbstractAutowireCapableBeanFactory.createBean(AbstractAutowireCapableBeanFactory.java:517)\r\n	at org.springframework.beans.factory.support.AbstractBeanFactory.lambda$doGetBean$1(AbstractBeanFactory.java:359)\r\n	at org.springframework.batch.core.scope.JobScope.get(JobScope.java:105)\r\n	at org.springframework.beans.factory.support.AbstractBeanFactory.doGetBean(AbstractBeanFactory.java:356)\r\n	at org.springframework.beans.factory.support.AbstractBeanFactory.getBean(AbstractBeanFactory.java:202)\r\n	at org.springframework.aop.target.SimpleBeanTargetSource.getTarget(SimpleBeanTargetSource.java:35)\r\n	at org.springframework.aop.framework.JdkDynamicAopProxy.invoke(JdkDynamicAopProxy.java:192)\r\n	at com.sun.proxy.$Proxy169.read(Unknown Source)\r\n	at org.springframework.batch.core.step.item.SimpleChunkProvider.doRead(SimpleChunkProvider.java:99)\r\n	at org.springframework.batch.core.step.item.SimpleChunkProvider.read(SimpleChunkProvider.java:180)\r\n	at org.springframework.batch.core.step.item.SimpleChunkProvider$1.doInIteration(SimpleChunkProvider.java:126)\r\n	at org.springframework.batch.repeat.support.RepeatTemplate.getNextResult(RepeatTemplate.java:375)\r\n	at org.springframework.','2020-03-17 01:46:30'),(18,2,'eventSummaryUploadStep',18,'2020-03-17 01:47:27','2020-03-17 01:47:27','FAILED',0,0,0,0,0,0,0,1,'FAILED','org.springframework.beans.factory.BeanCreationException: Error creating bean with name \'scopedTarget.excelEventSummaryReader\' defined in class path resource [com/fms/event/batch/EventSummaryBatchConfig.class]: Bean instantiation via factory method failed; nested exception is org.springframework.beans.BeanInstantiationException: Failed to instantiate [org.springframework.batch.item.ItemReader]: Factory method \'excelEventSummaryReader\' threw exception; nested exception is java.io.FileNotFoundException: C:\\mywork\\Uploads\\event-summary - Copy.xlsx (The system cannot find the file specified)\r\n	at org.springframework.beans.factory.support.ConstructorResolver.instantiate(ConstructorResolver.java:656)\r\n	at org.springframework.beans.factory.support.ConstructorResolver.instantiateUsingFactoryMethod(ConstructorResolver.java:636)\r\n	at org.springframework.beans.factory.support.AbstractAutowireCapableBeanFactory.instantiateUsingFactoryMethod(AbstractAutowireCapableBeanFactory.java:1338)\r\n	at org.springframework.beans.factory.support.AbstractAutowireCapableBeanFactory.createBeanInstance(AbstractAutowireCapableBeanFactory.java:1177)\r\n	at org.springframework.beans.factory.support.AbstractAutowireCapableBeanFactory.doCreateBean(AbstractAutowireCapableBeanFactory.java:557)\r\n	at org.springframework.beans.factory.support.AbstractAutowireCapableBeanFactory.createBean(AbstractAutowireCapableBeanFactory.java:517)\r\n	at org.springframework.beans.factory.support.AbstractBeanFactory.lambda$doGetBean$1(AbstractBeanFactory.java:359)\r\n	at org.springframework.batch.core.scope.JobScope.get(JobScope.java:105)\r\n	at org.springframework.beans.factory.support.AbstractBeanFactory.doGetBean(AbstractBeanFactory.java:356)\r\n	at org.springframework.beans.factory.support.AbstractBeanFactory.getBean(AbstractBeanFactory.java:202)\r\n	at org.springframework.aop.target.SimpleBeanTargetSource.getTarget(SimpleBeanTargetSource.java:35)\r\n	at org.springframework.aop.framework.JdkDynamicAopProxy.invoke(JdkDynamicAopProxy.java:192)\r\n	at com.sun.proxy.$Proxy169.read(Unknown Source)\r\n	at org.springframework.batch.core.step.item.SimpleChunkProvider.doRead(SimpleChunkProvider.java:99)\r\n	at org.springframework.batch.core.step.item.SimpleChunkProvider.read(SimpleChunkProvider.java:180)\r\n	at org.springframework.batch.core.step.item.SimpleChunkProvider$1.doInIteration(SimpleChunkProvider.java:126)\r\n	at org.springframework.batch.repeat.support.RepeatTemplate.getNextResult(RepeatTemplate.java:375)\r\n	at org.springframework.','2020-03-17 01:47:27'),(19,2,'eventSummaryUploadStep',19,'2020-03-17 01:47:30','2020-03-17 01:47:30','FAILED',0,0,0,0,0,0,0,1,'FAILED','org.springframework.beans.factory.BeanCreationException: Error creating bean with name \'scopedTarget.excelEventSummaryReader\' defined in class path resource [com/fms/event/batch/EventSummaryBatchConfig.class]: Bean instantiation via factory method failed; nested exception is org.springframework.beans.BeanInstantiationException: Failed to instantiate [org.springframework.batch.item.ItemReader]: Factory method \'excelEventSummaryReader\' threw exception; nested exception is java.io.FileNotFoundException: C:\\mywork\\Uploads\\event-summary - Copy.xlsx (The system cannot find the file specified)\r\n	at org.springframework.beans.factory.support.ConstructorResolver.instantiate(ConstructorResolver.java:656)\r\n	at org.springframework.beans.factory.support.ConstructorResolver.instantiateUsingFactoryMethod(ConstructorResolver.java:636)\r\n	at org.springframework.beans.factory.support.AbstractAutowireCapableBeanFactory.instantiateUsingFactoryMethod(AbstractAutowireCapableBeanFactory.java:1338)\r\n	at org.springframework.beans.factory.support.AbstractAutowireCapableBeanFactory.createBeanInstance(AbstractAutowireCapableBeanFactory.java:1177)\r\n	at org.springframework.beans.factory.support.AbstractAutowireCapableBeanFactory.doCreateBean(AbstractAutowireCapableBeanFactory.java:557)\r\n	at org.springframework.beans.factory.support.AbstractAutowireCapableBeanFactory.createBean(AbstractAutowireCapableBeanFactory.java:517)\r\n	at org.springframework.beans.factory.support.AbstractBeanFactory.lambda$doGetBean$1(AbstractBeanFactory.java:359)\r\n	at org.springframework.batch.core.scope.JobScope.get(JobScope.java:105)\r\n	at org.springframework.beans.factory.support.AbstractBeanFactory.doGetBean(AbstractBeanFactory.java:356)\r\n	at org.springframework.beans.factory.support.AbstractBeanFactory.getBean(AbstractBeanFactory.java:202)\r\n	at org.springframework.aop.target.SimpleBeanTargetSource.getTarget(SimpleBeanTargetSource.java:35)\r\n	at org.springframework.aop.framework.JdkDynamicAopProxy.invoke(JdkDynamicAopProxy.java:192)\r\n	at com.sun.proxy.$Proxy169.read(Unknown Source)\r\n	at org.springframework.batch.core.step.item.SimpleChunkProvider.doRead(SimpleChunkProvider.java:99)\r\n	at org.springframework.batch.core.step.item.SimpleChunkProvider.read(SimpleChunkProvider.java:180)\r\n	at org.springframework.batch.core.step.item.SimpleChunkProvider$1.doInIteration(SimpleChunkProvider.java:126)\r\n	at org.springframework.batch.repeat.support.RepeatTemplate.getNextResult(RepeatTemplate.java:375)\r\n	at org.springframework.','2020-03-17 01:47:30'),(20,2,'eventSummaryUploadStep',20,'2020-03-17 01:48:41','2020-03-17 01:49:34','FAILED',0,0,0,0,0,0,0,1,'FAILED','org.springframework.beans.factory.BeanCreationException: Error creating bean with name \'scopedTarget.excelEventSummaryReader\' defined in class path resource [com/fms/event/batch/EventSummaryBatchConfig.class]: Bean instantiation via factory method failed; nested exception is org.springframework.beans.BeanInstantiationException: Failed to instantiate [org.springframework.batch.item.ItemReader]: Factory method \'excelEventSummaryReader\' threw exception; nested exception is java.io.FileNotFoundException: C:\\mywork\\Uploads\\event-summary1.xlsx (The system cannot find the file specified)\r\n	at org.springframework.beans.factory.support.ConstructorResolver.instantiate(ConstructorResolver.java:656)\r\n	at org.springframework.beans.factory.support.ConstructorResolver.instantiateUsingFactoryMethod(ConstructorResolver.java:636)\r\n	at org.springframework.beans.factory.support.AbstractAutowireCapableBeanFactory.instantiateUsingFactoryMethod(AbstractAutowireCapableBeanFactory.java:1338)\r\n	at org.springframework.beans.factory.support.AbstractAutowireCapableBeanFactory.createBeanInstance(AbstractAutowireCapableBeanFactory.java:1177)\r\n	at org.springframework.beans.factory.support.AbstractAutowireCapableBeanFactory.doCreateBean(AbstractAutowireCapableBeanFactory.java:557)\r\n	at org.springframework.beans.factory.support.AbstractAutowireCapableBeanFactory.createBean(AbstractAutowireCapableBeanFactory.java:517)\r\n	at org.springframework.beans.factory.support.AbstractBeanFactory.lambda$doGetBean$1(AbstractBeanFactory.java:359)\r\n	at org.springframework.batch.core.scope.JobScope.get(JobScope.java:105)\r\n	at org.springframework.beans.factory.support.AbstractBeanFactory.doGetBean(AbstractBeanFactory.java:356)\r\n	at org.springframework.beans.factory.support.AbstractBeanFactory.getBean(AbstractBeanFactory.java:202)\r\n	at org.springframework.aop.target.SimpleBeanTargetSource.getTarget(SimpleBeanTargetSource.java:35)\r\n	at org.springframework.aop.framework.JdkDynamicAopProxy.invoke(JdkDynamicAopProxy.java:192)\r\n	at com.sun.proxy.$Proxy169.read(Unknown Source)\r\n	at org.springframework.batch.core.step.item.SimpleChunkProvider.doRead(SimpleChunkProvider.java:99)\r\n	at org.springframework.batch.core.step.item.SimpleChunkProvider.read(SimpleChunkProvider.java:180)\r\n	at org.springframework.batch.core.step.item.SimpleChunkProvider$1.doInIteration(SimpleChunkProvider.java:126)\r\n	at org.springframework.batch.repeat.support.RepeatTemplate.getNextResult(RepeatTemplate.java:375)\r\n	at org.springframework.batch.','2020-03-17 01:49:34'),(21,2,'eventSummaryUploadStep',21,'2020-03-17 01:51:38','2020-03-17 01:51:40','FAILED',0,0,0,0,0,0,0,1,'FAILED','org.springframework.beans.factory.BeanCreationException: Error creating bean with name \'scopedTarget.excelEventSummaryReader\' defined in class path resource [com/fms/event/batch/EventSummaryBatchConfig.class]: Bean instantiation via factory method failed; nested exception is org.springframework.beans.BeanInstantiationException: Failed to instantiate [org.springframework.batch.item.ItemReader]: Factory method \'excelEventSummaryReader\' threw exception; nested exception is java.io.FileNotFoundException: C:\\mywork\\Uploads\\event-summary1 - Copy.xlsx (The system cannot find the file specified)\r\n	at org.springframework.beans.factory.support.ConstructorResolver.instantiate(ConstructorResolver.java:656)\r\n	at org.springframework.beans.factory.support.ConstructorResolver.instantiateUsingFactoryMethod(ConstructorResolver.java:636)\r\n	at org.springframework.beans.factory.support.AbstractAutowireCapableBeanFactory.instantiateUsingFactoryMethod(AbstractAutowireCapableBeanFactory.java:1338)\r\n	at org.springframework.beans.factory.support.AbstractAutowireCapableBeanFactory.createBeanInstance(AbstractAutowireCapableBeanFactory.java:1177)\r\n	at org.springframework.beans.factory.support.AbstractAutowireCapableBeanFactory.doCreateBean(AbstractAutowireCapableBeanFactory.java:557)\r\n	at org.springframework.beans.factory.support.AbstractAutowireCapableBeanFactory.createBean(AbstractAutowireCapableBeanFactory.java:517)\r\n	at org.springframework.beans.factory.support.AbstractBeanFactory.lambda$doGetBean$1(AbstractBeanFactory.java:359)\r\n	at org.springframework.batch.core.scope.JobScope.get(JobScope.java:105)\r\n	at org.springframework.beans.factory.support.AbstractBeanFactory.doGetBean(AbstractBeanFactory.java:356)\r\n	at org.springframework.beans.factory.support.AbstractBeanFactory.getBean(AbstractBeanFactory.java:202)\r\n	at org.springframework.aop.target.SimpleBeanTargetSource.getTarget(SimpleBeanTargetSource.java:35)\r\n	at org.springframework.aop.framework.JdkDynamicAopProxy.invoke(JdkDynamicAopProxy.java:192)\r\n	at com.sun.proxy.$Proxy169.read(Unknown Source)\r\n	at org.springframework.batch.core.step.item.SimpleChunkProvider.doRead(SimpleChunkProvider.java:99)\r\n	at org.springframework.batch.core.step.item.SimpleChunkProvider.read(SimpleChunkProvider.java:180)\r\n	at org.springframework.batch.core.step.item.SimpleChunkProvider$1.doInIteration(SimpleChunkProvider.java:126)\r\n	at org.springframework.batch.repeat.support.RepeatTemplate.getNextResult(RepeatTemplate.java:375)\r\n	at org.springframework','2020-03-17 01:51:40'),(22,3,'eventSummaryUploadStep',22,'2020-03-17 02:02:07','2020-03-17 02:02:26','COMPLETED',1,0,0,0,0,0,0,0,'COMPLETED','','2020-03-17 02:02:26'),(23,3,'eventSummaryUploadStep',23,'2020-03-17 02:03:03','2020-03-17 02:03:05','COMPLETED',1,0,0,0,0,0,0,0,'COMPLETED','','2020-03-17 02:03:05'),(24,2,'eventSummaryUploadStep',24,'2020-03-17 02:03:11','2020-03-17 02:03:12','FAILED',0,0,0,0,0,0,0,1,'FAILED','org.springframework.beans.factory.BeanCreationException: Error creating bean with name \'scopedTarget.excelEventSummaryReader\' defined in class path resource [com/fms/event/batch/EventSummaryBatchConfig.class]: Bean instantiation via factory method failed; nested exception is org.springframework.beans.BeanInstantiationException: Failed to instantiate [org.springframework.batch.item.ItemReader]: Factory method \'excelEventSummaryReader\' threw exception; nested exception is java.io.FileNotFoundException: C:\\mywork\\Uploads\\EventSummaryUpload\\~$event-summary - Copy.xlsx (The system cannot find the file specified)\r\n	at org.springframework.beans.factory.support.ConstructorResolver.instantiate(ConstructorResolver.java:656)\r\n	at org.springframework.beans.factory.support.ConstructorResolver.instantiateUsingFactoryMethod(ConstructorResolver.java:636)\r\n	at org.springframework.beans.factory.support.AbstractAutowireCapableBeanFactory.instantiateUsingFactoryMethod(AbstractAutowireCapableBeanFactory.java:1338)\r\n	at org.springframework.beans.factory.support.AbstractAutowireCapableBeanFactory.createBeanInstance(AbstractAutowireCapableBeanFactory.java:1177)\r\n	at org.springframework.beans.factory.support.AbstractAutowireCapableBeanFactory.doCreateBean(AbstractAutowireCapableBeanFactory.java:557)\r\n	at org.springframework.beans.factory.support.AbstractAutowireCapableBeanFactory.createBean(AbstractAutowireCapableBeanFactory.java:517)\r\n	at org.springframework.beans.factory.support.AbstractBeanFactory.lambda$doGetBean$1(AbstractBeanFactory.java:359)\r\n	at org.springframework.batch.core.scope.JobScope.get(JobScope.java:105)\r\n	at org.springframework.beans.factory.support.AbstractBeanFactory.doGetBean(AbstractBeanFactory.java:356)\r\n	at org.springframework.beans.factory.support.AbstractBeanFactory.getBean(AbstractBeanFactory.java:202)\r\n	at org.springframework.aop.target.SimpleBeanTargetSource.getTarget(SimpleBeanTargetSource.java:35)\r\n	at org.springframework.aop.framework.JdkDynamicAopProxy.invoke(JdkDynamicAopProxy.java:192)\r\n	at com.sun.proxy.$Proxy169.read(Unknown Source)\r\n	at org.springframework.batch.core.step.item.SimpleChunkProvider.doRead(SimpleChunkProvider.java:99)\r\n	at org.springframework.batch.core.step.item.SimpleChunkProvider.read(SimpleChunkProvider.java:180)\r\n	at org.springframework.batch.core.step.item.SimpleChunkProvider$1.doInIteration(SimpleChunkProvider.java:126)\r\n	at org.springframework.batch.repeat.support.RepeatTemplate.getNextResult(RepeatTemplate.java:375)\r\n	at','2020-03-17 02:03:12'),(25,2,'eventSummaryUploadStep',25,'2020-03-17 02:03:22','2020-03-17 02:03:22','FAILED',0,0,0,0,0,0,0,1,'FAILED','org.springframework.beans.factory.BeanCreationException: Error creating bean with name \'scopedTarget.excelEventSummaryReader\' defined in class path resource [com/fms/event/batch/EventSummaryBatchConfig.class]: Bean instantiation via factory method failed; nested exception is org.springframework.beans.BeanInstantiationException: Failed to instantiate [org.springframework.batch.item.ItemReader]: Factory method \'excelEventSummaryReader\' threw exception; nested exception is java.io.FileNotFoundException: C:\\mywork\\Uploads\\EventSummaryUpload\\~$event-summary - Copy.xlsx (The system cannot find the file specified)\r\n	at org.springframework.beans.factory.support.ConstructorResolver.instantiate(ConstructorResolver.java:656)\r\n	at org.springframework.beans.factory.support.ConstructorResolver.instantiateUsingFactoryMethod(ConstructorResolver.java:636)\r\n	at org.springframework.beans.factory.support.AbstractAutowireCapableBeanFactory.instantiateUsingFactoryMethod(AbstractAutowireCapableBeanFactory.java:1338)\r\n	at org.springframework.beans.factory.support.AbstractAutowireCapableBeanFactory.createBeanInstance(AbstractAutowireCapableBeanFactory.java:1177)\r\n	at org.springframework.beans.factory.support.AbstractAutowireCapableBeanFactory.doCreateBean(AbstractAutowireCapableBeanFactory.java:557)\r\n	at org.springframework.beans.factory.support.AbstractAutowireCapableBeanFactory.createBean(AbstractAutowireCapableBeanFactory.java:517)\r\n	at org.springframework.beans.factory.support.AbstractBeanFactory.lambda$doGetBean$1(AbstractBeanFactory.java:359)\r\n	at org.springframework.batch.core.scope.JobScope.get(JobScope.java:105)\r\n	at org.springframework.beans.factory.support.AbstractBeanFactory.doGetBean(AbstractBeanFactory.java:356)\r\n	at org.springframework.beans.factory.support.AbstractBeanFactory.getBean(AbstractBeanFactory.java:202)\r\n	at org.springframework.aop.target.SimpleBeanTargetSource.getTarget(SimpleBeanTargetSource.java:35)\r\n	at org.springframework.aop.framework.JdkDynamicAopProxy.invoke(JdkDynamicAopProxy.java:192)\r\n	at com.sun.proxy.$Proxy169.read(Unknown Source)\r\n	at org.springframework.batch.core.step.item.SimpleChunkProvider.doRead(SimpleChunkProvider.java:99)\r\n	at org.springframework.batch.core.step.item.SimpleChunkProvider.read(SimpleChunkProvider.java:180)\r\n	at org.springframework.batch.core.step.item.SimpleChunkProvider$1.doInIteration(SimpleChunkProvider.java:126)\r\n	at org.springframework.batch.repeat.support.RepeatTemplate.getNextResult(RepeatTemplate.java:375)\r\n	at','2020-03-17 02:03:22'),(26,3,'eventSummaryUploadStep',26,'2020-03-17 02:06:18','2020-03-17 02:06:18','COMPLETED',1,0,0,0,0,0,0,0,'COMPLETED','','2020-03-17 02:06:18'),(27,3,'eventSummaryUploadStep',27,'2020-03-17 02:06:18','2020-03-17 02:06:18','COMPLETED',1,0,0,0,0,0,0,0,'COMPLETED','','2020-03-17 02:06:18'),(28,3,'eventSummaryUploadStep',28,'2020-03-17 02:13:09','2020-03-17 02:13:09','COMPLETED',1,0,0,0,0,0,0,0,'COMPLETED','','2020-03-17 02:13:09'),(29,3,'eventSummaryUploadStep',29,'2020-03-17 02:13:09','2020-03-17 02:13:09','COMPLETED',1,0,0,0,0,0,0,0,'COMPLETED','','2020-03-17 02:13:09'),(30,3,'eventSummaryUploadStep',30,'2020-03-17 02:19:42','2020-03-17 02:21:15','COMPLETED',1,0,0,0,0,0,0,0,'COMPLETED','','2020-03-17 02:21:16'),(31,3,'eventSummaryUploadStep',31,'2020-03-17 02:22:14','2020-03-17 02:22:18','COMPLETED',1,0,0,0,0,0,0,0,'COMPLETED','','2020-03-17 02:22:18'),(32,3,'eventSummaryUploadStep',32,'2020-03-17 02:23:44','2020-03-17 02:23:45','COMPLETED',1,0,0,0,0,0,0,0,'COMPLETED','','2020-03-17 02:23:45'),(33,3,'eventSummaryUploadStep',33,'2020-03-17 02:23:44','2020-03-17 02:23:46','COMPLETED',1,0,0,0,0,0,0,0,'COMPLETED','','2020-03-17 02:23:46'),(34,3,'eventSummaryUploadStep',34,'2020-03-17 02:27:08','2020-03-17 02:27:37','COMPLETED',1,0,0,0,0,0,0,0,'COMPLETED','','2020-03-17 02:27:37'),(35,2,'eventSummaryUploadStep',35,'2020-03-17 02:30:31','2020-03-17 02:30:31','FAILED',0,0,0,0,0,0,0,1,'FAILED','org.springframework.beans.factory.UnsatisfiedDependencyException: Error creating bean with name \'scopedTarget.excelEventSummaryReader\' defined in class path resource [com/fms/event/batch/EventSummaryBatchConfig.class]: Unsatisfied dependency expressed through method \'excelEventSummaryReader\' parameter 0; nested exception is org.springframework.beans.factory.BeanExpressionException: Expression parsing failed; nested exception is org.springframework.expression.spel.SpelEvaluationException: EL1021E: A problem occurred whilst attempting to access the property \'test\': \'Invalid property \'test\' of bean class [org.springframework.batch.core.scope.context.JobContext]: Bean property \'test\' is not readable or has an invalid getter method: Does the return type of the getter match the parameter type of the setter?\'\r\n	at org.springframework.beans.factory.support.ConstructorResolver.createArgumentArray(ConstructorResolver.java:798)\r\n	at org.springframework.beans.factory.support.ConstructorResolver.instantiateUsingFactoryMethod(ConstructorResolver.java:539)\r\n	at org.springframework.beans.factory.support.AbstractAutowireCapableBeanFactory.instantiateUsingFactoryMethod(AbstractAutowireCapableBeanFactory.java:1338)\r\n	at org.springframework.beans.factory.support.AbstractAutowireCapableBeanFactory.createBeanInstance(AbstractAutowireCapableBeanFactory.java:1177)\r\n	at org.springframework.beans.factory.support.AbstractAutowireCapableBeanFactory.doCreateBean(AbstractAutowireCapableBeanFactory.java:557)\r\n	at org.springframework.beans.factory.support.AbstractAutowireCapableBeanFactory.createBean(AbstractAutowireCapableBeanFactory.java:517)\r\n	at org.springframework.beans.factory.support.AbstractBeanFactory.lambda$doGetBean$1(AbstractBeanFactory.java:359)\r\n	at org.springframework.batch.core.scope.JobScope.get(JobScope.java:105)\r\n	at org.springframework.beans.factory.support.AbstractBeanFactory.doGetBean(AbstractBeanFactory.java:356)\r\n	at org.springframework.beans.factory.support.AbstractBeanFactory.getBean(AbstractBeanFactory.java:202)\r\n	at org.springframework.aop.target.SimpleBeanTargetSource.getTarget(SimpleBeanTargetSource.java:35)\r\n	at org.springframework.aop.framework.JdkDynamicAopProxy.invoke(JdkDynamicAopProxy.java:192)\r\n	at com.sun.proxy.$Proxy169.read(Unknown Source)\r\n	at org.springframework.batch.core.step.item.SimpleChunkProvider.doRead(SimpleChunkProvider.java:99)\r\n	at org.springframework.batch.core.step.item.SimpleChunkProvider.read(SimpleChunkProvider.java:180)\r\n	at org.','2020-03-17 02:30:31'),(36,3,'eventSummaryUploadStep',36,'2020-03-17 02:32:07','2020-03-17 02:32:13','COMPLETED',1,0,0,0,0,0,0,0,'COMPLETED','','2020-03-17 02:32:13'),(37,3,'eventSummaryUploadStep',37,'2020-03-17 02:35:36','2020-03-17 02:35:36','COMPLETED',1,0,0,0,0,0,0,0,'COMPLETED','','2020-03-17 02:35:36'),(38,3,'eventSummaryUploadStep',38,'2020-03-17 02:37:54','2020-03-17 02:37:54','COMPLETED',1,0,0,0,0,0,0,0,'COMPLETED','','2020-03-17 02:37:54'),(39,3,'eventSummaryUploadStep',39,'2020-03-17 02:44:02','2020-03-17 02:44:02','COMPLETED',1,0,0,0,0,0,0,0,'COMPLETED','','2020-03-17 02:44:02'),(40,3,'eventSummaryUploadStep',40,'2020-03-17 02:46:51','2020-03-17 02:46:57','COMPLETED',1,0,0,0,0,0,0,0,'COMPLETED','','2020-03-17 02:46:57'),(41,3,'eventSummaryUploadStep',41,'2020-03-17 02:50:58','2020-03-17 02:51:43','COMPLETED',1,0,0,0,0,0,0,0,'COMPLETED','','2020-03-17 02:51:43'),(42,3,'eventSummaryUploadStep',42,'2020-03-17 02:51:43','2020-03-17 02:51:44','COMPLETED',1,0,0,0,0,0,0,0,'COMPLETED','','2020-03-17 02:51:44'),(43,3,'eventSummaryUploadStep',43,'2020-03-17 02:51:44','2020-03-17 02:51:44','COMPLETED',1,0,0,0,0,0,0,0,'COMPLETED','','2020-03-17 02:51:44'),(44,3,'eventSummaryUploadStep',44,'2020-03-17 02:51:44','2020-03-17 02:51:45','COMPLETED',1,0,0,0,0,0,0,0,'COMPLETED','','2020-03-17 02:51:45'),(45,3,'eventSummaryUploadStep',45,'2020-03-17 02:52:04','2020-03-17 02:52:10','COMPLETED',1,0,0,0,0,0,0,0,'COMPLETED','','2020-03-17 02:52:10'),(46,3,'eventSummaryUploadStep',46,'2020-03-17 02:52:10','2020-03-17 02:52:11','COMPLETED',1,0,0,0,0,0,0,0,'COMPLETED','','2020-03-17 02:52:11'),(47,3,'eventSummaryUploadStep',47,'2020-03-17 02:52:53','2020-03-17 02:52:53','COMPLETED',1,0,0,0,0,0,0,0,'COMPLETED','','2020-03-17 02:52:53'),(48,3,'eventSummaryUploadStep',48,'2020-03-17 02:54:38','2020-03-17 02:54:38','COMPLETED',1,0,0,0,0,0,0,0,'COMPLETED','','2020-03-17 02:54:38'),(49,3,'eventSummaryUploadStep',49,'2020-03-17 02:57:08','2020-03-17 02:57:08','COMPLETED',1,0,0,0,0,0,0,0,'COMPLETED','','2020-03-17 02:57:08'),(50,3,'eventSummaryUploadStep',50,'2020-03-17 02:59:55','2020-03-17 03:00:13','COMPLETED',1,0,0,0,0,0,0,0,'COMPLETED','','2020-03-17 03:00:13'),(51,5,'eventSummaryUploadStep',51,'2020-03-17 03:04:47','2020-03-17 03:04:48','COMPLETED',3,10,0,10,0,0,0,0,'COMPLETED','','2020-03-17 03:04:48'),(52,2,'eventSummaryUploadStep',52,'2020-03-17 03:06:08','2020-03-17 03:06:08','FAILED',0,0,0,0,0,0,0,0,'FAILED','org.springframework.batch.item.ItemStreamException: Failed to initialize the reader\r\n	at org.springframework.batch.item.support.AbstractItemCountingItemStreamItemReader.open(AbstractItemCountingItemStreamItemReader.java:153)\r\n	at org.springframework.batch.item.support.CompositeItemStream.open(CompositeItemStream.java:103)\r\n	at org.springframework.batch.core.step.tasklet.TaskletStep.open(TaskletStep.java:311)\r\n	at org.springframework.batch.core.step.AbstractStep.execute(AbstractStep.java:205)\r\n	at org.springframework.batch.core.job.SimpleStepHandler.handleStep(SimpleStepHandler.java:148)\r\n	at org.springframework.batch.core.job.flow.JobFlowExecutor.executeStep(JobFlowExecutor.java:68)\r\n	at org.springframework.batch.core.job.flow.support.state.StepState.handle(StepState.java:68)\r\n	at org.springframework.batch.core.job.flow.support.SimpleFlow.resume(SimpleFlow.java:169)\r\n	at org.springframework.batch.core.job.flow.support.SimpleFlow.start(SimpleFlow.java:144)\r\n	at org.springframework.batch.core.job.flow.FlowJob.doExecute(FlowJob.java:137)\r\n	at org.springframework.batch.core.job.AbstractJob.execute(AbstractJob.java:319)\r\n	at org.springframework.batch.core.launch.support.SimpleJobLauncher$1.run(SimpleJobLauncher.java:147)\r\n	at org.springframework.core.task.SyncTaskExecutor.execute(SyncTaskExecutor.java:50)\r\n	at org.springframework.batch.core.launch.support.SimpleJobLauncher.run(SimpleJobLauncher.java:140)\r\n	at java.base/jdk.internal.reflect.NativeMethodAccessorImpl.invoke0(Native Method)\r\n	at java.base/jdk.internal.reflect.NativeMethodAccessorImpl.invoke(NativeMethodAccessorImpl.java:62)\r\n	at java.base/jdk.internal.reflect.DelegatingMethodAccessorImpl.invoke(DelegatingMethodAccessorImpl.java:43)\r\n	at java.base/java.lang.reflect.Method.invoke(Method.java:567)\r\n	at org.springframework.aop.support.AopUtils.invokeJoinpointUsingReflection(AopUtils.java:344)\r\n	at org.springframework.aop.framework.ReflectiveMethodInvocation.invokeJoinpoint(ReflectiveMethodInvocation.java:198)\r\n	at org.springframework.aop.framework.ReflectiveMethodInvocation.proceed(ReflectiveMethodInvocation.java:163)\r\n	at org.springframework.batch.core.configuration.annotation.SimpleBatchConfiguration$PassthruAdvice.invoke(SimpleBatchConfiguration.java:127)\r\n	at org.springframework.aop.framework.ReflectiveMethodInvocation.proceed(ReflectiveMethodInvocation.java:186)\r\n	at org.springframework.aop.framework.JdkDynamicAopProxy.invoke(JdkDynamicAopProxy.java:212)\r\n	at com.sun.proxy.$Proxy221.run(Unknown So','2020-03-17 03:06:08'),(53,3,'eventSummaryUploadStep',53,'2020-03-17 03:11:33','2020-03-17 03:11:40','COMPLETED',1,0,0,0,0,0,0,0,'COMPLETED','','2020-03-17 03:11:40'),(54,3,'eventSummaryUploadStep',54,'2020-03-17 03:12:27','2020-03-17 03:12:35','COMPLETED',1,0,0,0,0,0,0,0,'COMPLETED','','2020-03-17 03:12:35'),(55,3,'eventSummaryUploadStep',55,'2020-03-17 03:13:34','2020-03-17 03:13:34','COMPLETED',1,0,0,0,0,0,0,0,'COMPLETED','','2020-03-17 03:13:34'),(56,3,'eventSummaryUploadStep',56,'2020-03-17 03:20:48','2020-03-17 03:20:48','COMPLETED',1,0,0,0,0,0,0,0,'COMPLETED','','2020-03-17 03:20:48'),(57,3,'eventSummaryUploadStep',57,'2020-03-17 03:23:47','2020-03-17 03:23:47','COMPLETED',1,0,0,0,0,0,0,0,'COMPLETED','','2020-03-17 03:23:47'),(58,2,'eventSummaryUploadStep',58,'2020-03-17 03:28:05','2020-03-17 03:28:05','FAILED',0,0,0,0,0,0,0,1,'FAILED','org.springframework.beans.factory.BeanCreationException: Error creating bean with name \'scopedTarget.excelEventSummaryReader\' defined in class path resource [com/fms/event/batch/EventSummaryBatchConfig.class]: Bean instantiation via factory method failed; nested exception is org.springframework.beans.BeanInstantiationException: Failed to instantiate [org.springframework.batch.item.ItemReader]: Factory method \'excelEventSummaryReader\' threw exception; nested exception is java.lang.NullPointerException\r\n	at org.springframework.beans.factory.support.ConstructorResolver.instantiate(ConstructorResolver.java:656)\r\n	at org.springframework.beans.factory.support.ConstructorResolver.instantiateUsingFactoryMethod(ConstructorResolver.java:484)\r\n	at org.springframework.beans.factory.support.AbstractAutowireCapableBeanFactory.instantiateUsingFactoryMethod(AbstractAutowireCapableBeanFactory.java:1338)\r\n	at org.springframework.beans.factory.support.AbstractAutowireCapableBeanFactory.createBeanInstance(AbstractAutowireCapableBeanFactory.java:1177)\r\n	at org.springframework.beans.factory.support.AbstractAutowireCapableBeanFactory.doCreateBean(AbstractAutowireCapableBeanFactory.java:557)\r\n	at org.springframework.beans.factory.support.AbstractAutowireCapableBeanFactory.createBean(AbstractAutowireCapableBeanFactory.java:517)\r\n	at org.springframework.beans.factory.support.AbstractBeanFactory.lambda$doGetBean$1(AbstractBeanFactory.java:359)\r\n	at org.springframework.batch.core.scope.StepScope.get(StepScope.java:113)\r\n	at org.springframework.beans.factory.support.AbstractBeanFactory.doGetBean(AbstractBeanFactory.java:356)\r\n	at org.springframework.beans.factory.support.AbstractBeanFactory.getBean(AbstractBeanFactory.java:202)\r\n	at org.springframework.aop.target.SimpleBeanTargetSource.getTarget(SimpleBeanTargetSource.java:35)\r\n	at org.springframework.aop.framework.JdkDynamicAopProxy.invoke(JdkDynamicAopProxy.java:192)\r\n	at com.sun.proxy.$Proxy170.read(Unknown Source)\r\n	at org.springframework.batch.core.step.item.SimpleChunkProvider.doRead(SimpleChunkProvider.java:99)\r\n	at org.springframework.batch.core.step.item.SimpleChunkProvider.read(SimpleChunkProvider.java:180)\r\n	at org.springframework.batch.core.step.item.SimpleChunkProvider$1.doInIteration(SimpleChunkProvider.java:126)\r\n	at org.springframework.batch.repeat.support.RepeatTemplate.getNextResult(RepeatTemplate.java:375)\r\n	at org.springframework.batch.repeat.support.RepeatTemplate.executeInternal(RepeatTemplate.java:215)\r\n	at org.','2020-03-17 03:28:05'),(59,2,'eventSummaryUploadStep',59,'2020-03-17 03:28:48','2020-03-17 03:28:48','FAILED',0,0,0,0,0,0,0,1,'FAILED','org.springframework.beans.factory.BeanCreationException: Error creating bean with name \'scopedTarget.excelEventSummaryReader\' defined in class path resource [com/fms/event/batch/EventSummaryBatchConfig.class]: Bean instantiation via factory method failed; nested exception is org.springframework.beans.BeanInstantiationException: Failed to instantiate [org.springframework.batch.item.ItemReader]: Factory method \'excelEventSummaryReader\' threw exception; nested exception is java.lang.NullPointerException\r\n	at org.springframework.beans.factory.support.ConstructorResolver.instantiate(ConstructorResolver.java:656)\r\n	at org.springframework.beans.factory.support.ConstructorResolver.instantiateUsingFactoryMethod(ConstructorResolver.java:484)\r\n	at org.springframework.beans.factory.support.AbstractAutowireCapableBeanFactory.instantiateUsingFactoryMethod(AbstractAutowireCapableBeanFactory.java:1338)\r\n	at org.springframework.beans.factory.support.AbstractAutowireCapableBeanFactory.createBeanInstance(AbstractAutowireCapableBeanFactory.java:1177)\r\n	at org.springframework.beans.factory.support.AbstractAutowireCapableBeanFactory.doCreateBean(AbstractAutowireCapableBeanFactory.java:557)\r\n	at org.springframework.beans.factory.support.AbstractAutowireCapableBeanFactory.createBean(AbstractAutowireCapableBeanFactory.java:517)\r\n	at org.springframework.beans.factory.support.AbstractBeanFactory.lambda$doGetBean$1(AbstractBeanFactory.java:359)\r\n	at org.springframework.batch.core.scope.StepScope.get(StepScope.java:113)\r\n	at org.springframework.beans.factory.support.AbstractBeanFactory.doGetBean(AbstractBeanFactory.java:356)\r\n	at org.springframework.beans.factory.support.AbstractBeanFactory.getBean(AbstractBeanFactory.java:202)\r\n	at org.springframework.aop.target.SimpleBeanTargetSource.getTarget(SimpleBeanTargetSource.java:35)\r\n	at org.springframework.aop.framework.JdkDynamicAopProxy.invoke(JdkDynamicAopProxy.java:192)\r\n	at com.sun.proxy.$Proxy170.read(Unknown Source)\r\n	at org.springframework.batch.core.step.item.SimpleChunkProvider.doRead(SimpleChunkProvider.java:99)\r\n	at org.springframework.batch.core.step.item.SimpleChunkProvider.read(SimpleChunkProvider.java:180)\r\n	at org.springframework.batch.core.step.item.SimpleChunkProvider$1.doInIteration(SimpleChunkProvider.java:126)\r\n	at org.springframework.batch.repeat.support.RepeatTemplate.getNextResult(RepeatTemplate.java:375)\r\n	at org.springframework.batch.repeat.support.RepeatTemplate.executeInternal(RepeatTemplate.java:215)\r\n	at org.','2020-03-17 03:28:48'),(60,2,'eventSummaryUploadStep',60,'2020-03-17 03:30:01','2020-03-17 03:30:34','FAILED',0,0,0,0,0,0,0,1,'FAILED','org.springframework.beans.factory.BeanCreationException: Error creating bean with name \'scopedTarget.excelEventSummaryReader\' defined in class path resource [com/fms/event/batch/EventSummaryBatchConfig.class]: Bean instantiation via factory method failed; nested exception is org.springframework.beans.BeanInstantiationException: Failed to instantiate [org.springframework.batch.item.ItemReader]: Factory method \'excelEventSummaryReader\' threw exception; nested exception is java.lang.NullPointerException\r\n	at org.springframework.beans.factory.support.ConstructorResolver.instantiate(ConstructorResolver.java:656)\r\n	at org.springframework.beans.factory.support.ConstructorResolver.instantiateUsingFactoryMethod(ConstructorResolver.java:484)\r\n	at org.springframework.beans.factory.support.AbstractAutowireCapableBeanFactory.instantiateUsingFactoryMethod(AbstractAutowireCapableBeanFactory.java:1338)\r\n	at org.springframework.beans.factory.support.AbstractAutowireCapableBeanFactory.createBeanInstance(AbstractAutowireCapableBeanFactory.java:1177)\r\n	at org.springframework.beans.factory.support.AbstractAutowireCapableBeanFactory.doCreateBean(AbstractAutowireCapableBeanFactory.java:557)\r\n	at org.springframework.beans.factory.support.AbstractAutowireCapableBeanFactory.createBean(AbstractAutowireCapableBeanFactory.java:517)\r\n	at org.springframework.beans.factory.support.AbstractBeanFactory.lambda$doGetBean$1(AbstractBeanFactory.java:359)\r\n	at org.springframework.batch.core.scope.StepScope.get(StepScope.java:113)\r\n	at org.springframework.beans.factory.support.AbstractBeanFactory.doGetBean(AbstractBeanFactory.java:356)\r\n	at org.springframework.beans.factory.support.AbstractBeanFactory.getBean(AbstractBeanFactory.java:202)\r\n	at org.springframework.aop.target.SimpleBeanTargetSource.getTarget(SimpleBeanTargetSource.java:35)\r\n	at org.springframework.aop.framework.JdkDynamicAopProxy.invoke(JdkDynamicAopProxy.java:192)\r\n	at com.sun.proxy.$Proxy170.read(Unknown Source)\r\n	at org.springframework.batch.core.step.item.SimpleChunkProvider.doRead(SimpleChunkProvider.java:99)\r\n	at org.springframework.batch.core.step.item.SimpleChunkProvider.read(SimpleChunkProvider.java:180)\r\n	at org.springframework.batch.core.step.item.SimpleChunkProvider$1.doInIteration(SimpleChunkProvider.java:126)\r\n	at org.springframework.batch.repeat.support.RepeatTemplate.getNextResult(RepeatTemplate.java:375)\r\n	at org.springframework.batch.repeat.support.RepeatTemplate.executeInternal(RepeatTemplate.java:215)\r\n	at org.','2020-03-17 03:30:34'),(61,4,'eventSummaryUploadStep',61,'2020-03-17 04:13:32','2020-03-17 04:13:33','COMPLETED',2,10,0,10,0,0,0,0,'COMPLETED','','2020-03-17 04:13:33'),(62,2,'eventSummaryUploadStep',62,'2020-03-17 04:17:27','2020-03-17 04:17:27','FAILED',0,0,0,0,0,0,0,0,'FAILED','org.springframework.batch.item.ItemStreamException: Failed to initialize the reader\r\n	at org.springframework.batch.item.support.AbstractItemCountingItemStreamItemReader.open(AbstractItemCountingItemStreamItemReader.java:153)\r\n	at org.springframework.batch.item.support.CompositeItemStream.open(CompositeItemStream.java:103)\r\n	at org.springframework.batch.core.step.tasklet.TaskletStep.open(TaskletStep.java:311)\r\n	at org.springframework.batch.core.step.AbstractStep.execute(AbstractStep.java:205)\r\n	at org.springframework.batch.core.job.SimpleStepHandler.handleStep(SimpleStepHandler.java:148)\r\n	at org.springframework.batch.core.job.flow.JobFlowExecutor.executeStep(JobFlowExecutor.java:68)\r\n	at org.springframework.batch.core.job.flow.support.state.StepState.handle(StepState.java:68)\r\n	at org.springframework.batch.core.job.flow.support.SimpleFlow.resume(SimpleFlow.java:169)\r\n	at org.springframework.batch.core.job.flow.support.SimpleFlow.start(SimpleFlow.java:144)\r\n	at org.springframework.batch.core.job.flow.FlowJob.doExecute(FlowJob.java:137)\r\n	at org.springframework.batch.core.job.AbstractJob.execute(AbstractJob.java:319)\r\n	at org.springframework.batch.core.launch.support.SimpleJobLauncher$1.run(SimpleJobLauncher.java:147)\r\n	at org.springframework.core.task.SyncTaskExecutor.execute(SyncTaskExecutor.java:50)\r\n	at org.springframework.batch.core.launch.support.SimpleJobLauncher.run(SimpleJobLauncher.java:140)\r\n	at java.base/jdk.internal.reflect.NativeMethodAccessorImpl.invoke0(Native Method)\r\n	at java.base/jdk.internal.reflect.NativeMethodAccessorImpl.invoke(NativeMethodAccessorImpl.java:62)\r\n	at java.base/jdk.internal.reflect.DelegatingMethodAccessorImpl.invoke(DelegatingMethodAccessorImpl.java:43)\r\n	at java.base/java.lang.reflect.Method.invoke(Method.java:567)\r\n	at org.springframework.aop.support.AopUtils.invokeJoinpointUsingReflection(AopUtils.java:344)\r\n	at org.springframework.aop.framework.ReflectiveMethodInvocation.invokeJoinpoint(ReflectiveMethodInvocation.java:198)\r\n	at org.springframework.aop.framework.ReflectiveMethodInvocation.proceed(ReflectiveMethodInvocation.java:163)\r\n	at org.springframework.batch.core.configuration.annotation.SimpleBatchConfiguration$PassthruAdvice.invoke(SimpleBatchConfiguration.java:127)\r\n	at org.springframework.aop.framework.ReflectiveMethodInvocation.proceed(ReflectiveMethodInvocation.java:186)\r\n	at org.springframework.aop.framework.JdkDynamicAopProxy.invoke(JdkDynamicAopProxy.java:212)\r\n	at com.sun.proxy.$Proxy173.run(Unknown So','2020-03-17 04:17:27'),(63,2,'eventSummaryUploadStep',63,'2020-03-17 04:18:08','2020-03-17 04:18:08','FAILED',0,0,0,0,0,0,0,0,'FAILED','java.lang.IllegalArgumentException: Unable to invoke method: [public void com.fms.event.batch.EventSummaryReader.beforeStep(org.springframework.batch.core.StepExecution) throws java.io.FileNotFoundException] on object: [com.fms.event.batch.EventSummaryReader@5dfeb326] with arguments: [[StepExecution: id=63, version=1, name=eventSummaryUploadStep, status=STARTED, exitStatus=EXECUTING, readCount=0, filterCount=0, writeCount=0 readSkipCount=0, writeSkipCount=0, processSkipCount=0, commitCount=0, rollbackCount=0, exitDescription=]]\r\n	at org.springframework.batch.support.SimpleMethodInvoker.invokeMethod(SimpleMethodInvoker.java:112)\r\n	at org.springframework.batch.core.listener.MethodInvokerMethodInterceptor.invoke(MethodInvokerMethodInterceptor.java:69)\r\n	at org.springframework.aop.framework.ReflectiveMethodInvocation.proceed(ReflectiveMethodInvocation.java:186)\r\n	at org.springframework.aop.framework.JdkDynamicAopProxy.invoke(JdkDynamicAopProxy.java:212)\r\n	at com.sun.proxy.$Proxy172.beforeStep(Unknown Source)\r\n	at org.springframework.batch.core.listener.CompositeStepExecutionListener.beforeStep(CompositeStepExecutionListener.java:79)\r\n	at org.springframework.batch.core.step.AbstractStep.execute(AbstractStep.java:204)\r\n	at org.springframework.batch.core.job.SimpleStepHandler.handleStep(SimpleStepHandler.java:148)\r\n	at org.springframework.batch.core.job.flow.JobFlowExecutor.executeStep(JobFlowExecutor.java:68)\r\n	at org.springframework.batch.core.job.flow.support.state.StepState.handle(StepState.java:68)\r\n	at org.springframework.batch.core.job.flow.support.SimpleFlow.resume(SimpleFlow.java:169)\r\n	at org.springframework.batch.core.job.flow.support.SimpleFlow.start(SimpleFlow.java:144)\r\n	at org.springframework.batch.core.job.flow.FlowJob.doExecute(FlowJob.java:137)\r\n	at org.springframework.batch.core.job.AbstractJob.execute(AbstractJob.java:319)\r\n	at org.springframework.batch.core.launch.support.SimpleJobLauncher$1.run(SimpleJobLauncher.java:147)\r\n	at org.springframework.core.task.SyncTaskExecutor.execute(SyncTaskExecutor.java:50)\r\n	at org.springframework.batch.core.launch.support.SimpleJobLauncher.run(SimpleJobLauncher.java:140)\r\n	at java.base/jdk.internal.reflect.NativeMethodAccessorImpl.invoke0(Native Method)\r\n	at java.base/jdk.internal.reflect.NativeMethodAccessorImpl.invoke(NativeMethodAccessorImpl.java:62)\r\n	at java.base/jdk.internal.reflect.DelegatingMethodAccessorImpl.invoke(DelegatingMethodAccessorImpl.java:43)\r\n	at java.base/java.lang.reflect.Method.invoke','2020-03-17 04:18:08'),(64,2,'eventSummaryUploadStep',64,'2020-03-17 04:18:08','2020-03-17 04:18:08','FAILED',0,0,0,0,0,0,0,0,'FAILED','java.lang.IllegalArgumentException: Unable to invoke method: [public void com.fms.event.batch.EventSummaryReader.beforeStep(org.springframework.batch.core.StepExecution) throws java.io.FileNotFoundException] on object: [com.fms.event.batch.EventSummaryReader@5dfeb326] with arguments: [[StepExecution: id=64, version=1, name=eventSummaryUploadStep, status=STARTED, exitStatus=EXECUTING, readCount=0, filterCount=0, writeCount=0 readSkipCount=0, writeSkipCount=0, processSkipCount=0, commitCount=0, rollbackCount=0, exitDescription=]]\r\n	at org.springframework.batch.support.SimpleMethodInvoker.invokeMethod(SimpleMethodInvoker.java:112)\r\n	at org.springframework.batch.core.listener.MethodInvokerMethodInterceptor.invoke(MethodInvokerMethodInterceptor.java:69)\r\n	at org.springframework.aop.framework.ReflectiveMethodInvocation.proceed(ReflectiveMethodInvocation.java:186)\r\n	at org.springframework.aop.framework.JdkDynamicAopProxy.invoke(JdkDynamicAopProxy.java:212)\r\n	at com.sun.proxy.$Proxy172.beforeStep(Unknown Source)\r\n	at org.springframework.batch.core.listener.CompositeStepExecutionListener.beforeStep(CompositeStepExecutionListener.java:79)\r\n	at org.springframework.batch.core.step.AbstractStep.execute(AbstractStep.java:204)\r\n	at org.springframework.batch.core.job.SimpleStepHandler.handleStep(SimpleStepHandler.java:148)\r\n	at org.springframework.batch.core.job.flow.JobFlowExecutor.executeStep(JobFlowExecutor.java:68)\r\n	at org.springframework.batch.core.job.flow.support.state.StepState.handle(StepState.java:68)\r\n	at org.springframework.batch.core.job.flow.support.SimpleFlow.resume(SimpleFlow.java:169)\r\n	at org.springframework.batch.core.job.flow.support.SimpleFlow.start(SimpleFlow.java:144)\r\n	at org.springframework.batch.core.job.flow.FlowJob.doExecute(FlowJob.java:137)\r\n	at org.springframework.batch.core.job.AbstractJob.execute(AbstractJob.java:319)\r\n	at org.springframework.batch.core.launch.support.SimpleJobLauncher$1.run(SimpleJobLauncher.java:147)\r\n	at org.springframework.core.task.SyncTaskExecutor.execute(SyncTaskExecutor.java:50)\r\n	at org.springframework.batch.core.launch.support.SimpleJobLauncher.run(SimpleJobLauncher.java:140)\r\n	at java.base/jdk.internal.reflect.NativeMethodAccessorImpl.invoke0(Native Method)\r\n	at java.base/jdk.internal.reflect.NativeMethodAccessorImpl.invoke(NativeMethodAccessorImpl.java:62)\r\n	at java.base/jdk.internal.reflect.DelegatingMethodAccessorImpl.invoke(DelegatingMethodAccessorImpl.java:43)\r\n	at java.base/java.lang.reflect.Method.invoke','2020-03-17 04:18:08'),(65,2,'eventSummaryUploadStep',65,'2020-03-17 04:18:16','2020-03-17 04:18:16','FAILED',0,0,0,0,0,0,0,0,'FAILED','java.lang.IllegalArgumentException: Unable to invoke method: [public void com.fms.event.batch.EventSummaryReader.beforeStep(org.springframework.batch.core.StepExecution) throws java.io.FileNotFoundException] on object: [com.fms.event.batch.EventSummaryReader@5dfeb326] with arguments: [[StepExecution: id=65, version=1, name=eventSummaryUploadStep, status=STARTED, exitStatus=EXECUTING, readCount=0, filterCount=0, writeCount=0 readSkipCount=0, writeSkipCount=0, processSkipCount=0, commitCount=0, rollbackCount=0, exitDescription=]]\r\n	at org.springframework.batch.support.SimpleMethodInvoker.invokeMethod(SimpleMethodInvoker.java:112)\r\n	at org.springframework.batch.core.listener.MethodInvokerMethodInterceptor.invoke(MethodInvokerMethodInterceptor.java:69)\r\n	at org.springframework.aop.framework.ReflectiveMethodInvocation.proceed(ReflectiveMethodInvocation.java:186)\r\n	at org.springframework.aop.framework.JdkDynamicAopProxy.invoke(JdkDynamicAopProxy.java:212)\r\n	at com.sun.proxy.$Proxy172.beforeStep(Unknown Source)\r\n	at org.springframework.batch.core.listener.CompositeStepExecutionListener.beforeStep(CompositeStepExecutionListener.java:79)\r\n	at org.springframework.batch.core.step.AbstractStep.execute(AbstractStep.java:204)\r\n	at org.springframework.batch.core.job.SimpleStepHandler.handleStep(SimpleStepHandler.java:148)\r\n	at org.springframework.batch.core.job.flow.JobFlowExecutor.executeStep(JobFlowExecutor.java:68)\r\n	at org.springframework.batch.core.job.flow.support.state.StepState.handle(StepState.java:68)\r\n	at org.springframework.batch.core.job.flow.support.SimpleFlow.resume(SimpleFlow.java:169)\r\n	at org.springframework.batch.core.job.flow.support.SimpleFlow.start(SimpleFlow.java:144)\r\n	at org.springframework.batch.core.job.flow.FlowJob.doExecute(FlowJob.java:137)\r\n	at org.springframework.batch.core.job.AbstractJob.execute(AbstractJob.java:319)\r\n	at org.springframework.batch.core.launch.support.SimpleJobLauncher$1.run(SimpleJobLauncher.java:147)\r\n	at org.springframework.core.task.SyncTaskExecutor.execute(SyncTaskExecutor.java:50)\r\n	at org.springframework.batch.core.launch.support.SimpleJobLauncher.run(SimpleJobLauncher.java:140)\r\n	at java.base/jdk.internal.reflect.NativeMethodAccessorImpl.invoke0(Native Method)\r\n	at java.base/jdk.internal.reflect.NativeMethodAccessorImpl.invoke(NativeMethodAccessorImpl.java:62)\r\n	at java.base/jdk.internal.reflect.DelegatingMethodAccessorImpl.invoke(DelegatingMethodAccessorImpl.java:43)\r\n	at java.base/java.lang.reflect.Method.invoke','2020-03-17 04:18:16'),(66,2,'eventSummaryUploadStep',66,'2020-03-17 04:18:16','2020-03-17 04:18:16','FAILED',0,0,0,0,0,0,0,0,'FAILED','java.lang.IllegalArgumentException: Unable to invoke method: [public void com.fms.event.batch.EventSummaryReader.beforeStep(org.springframework.batch.core.StepExecution) throws java.io.FileNotFoundException] on object: [com.fms.event.batch.EventSummaryReader@5dfeb326] with arguments: [[StepExecution: id=66, version=1, name=eventSummaryUploadStep, status=STARTED, exitStatus=EXECUTING, readCount=0, filterCount=0, writeCount=0 readSkipCount=0, writeSkipCount=0, processSkipCount=0, commitCount=0, rollbackCount=0, exitDescription=]]\r\n	at org.springframework.batch.support.SimpleMethodInvoker.invokeMethod(SimpleMethodInvoker.java:112)\r\n	at org.springframework.batch.core.listener.MethodInvokerMethodInterceptor.invoke(MethodInvokerMethodInterceptor.java:69)\r\n	at org.springframework.aop.framework.ReflectiveMethodInvocation.proceed(ReflectiveMethodInvocation.java:186)\r\n	at org.springframework.aop.framework.JdkDynamicAopProxy.invoke(JdkDynamicAopProxy.java:212)\r\n	at com.sun.proxy.$Proxy172.beforeStep(Unknown Source)\r\n	at org.springframework.batch.core.listener.CompositeStepExecutionListener.beforeStep(CompositeStepExecutionListener.java:79)\r\n	at org.springframework.batch.core.step.AbstractStep.execute(AbstractStep.java:204)\r\n	at org.springframework.batch.core.job.SimpleStepHandler.handleStep(SimpleStepHandler.java:148)\r\n	at org.springframework.batch.core.job.flow.JobFlowExecutor.executeStep(JobFlowExecutor.java:68)\r\n	at org.springframework.batch.core.job.flow.support.state.StepState.handle(StepState.java:68)\r\n	at org.springframework.batch.core.job.flow.support.SimpleFlow.resume(SimpleFlow.java:169)\r\n	at org.springframework.batch.core.job.flow.support.SimpleFlow.start(SimpleFlow.java:144)\r\n	at org.springframework.batch.core.job.flow.FlowJob.doExecute(FlowJob.java:137)\r\n	at org.springframework.batch.core.job.AbstractJob.execute(AbstractJob.java:319)\r\n	at org.springframework.batch.core.launch.support.SimpleJobLauncher$1.run(SimpleJobLauncher.java:147)\r\n	at org.springframework.core.task.SyncTaskExecutor.execute(SyncTaskExecutor.java:50)\r\n	at org.springframework.batch.core.launch.support.SimpleJobLauncher.run(SimpleJobLauncher.java:140)\r\n	at java.base/jdk.internal.reflect.NativeMethodAccessorImpl.invoke0(Native Method)\r\n	at java.base/jdk.internal.reflect.NativeMethodAccessorImpl.invoke(NativeMethodAccessorImpl.java:62)\r\n	at java.base/jdk.internal.reflect.DelegatingMethodAccessorImpl.invoke(DelegatingMethodAccessorImpl.java:43)\r\n	at java.base/java.lang.reflect.Method.invoke','2020-03-17 04:18:16'),(67,2,'eventSummaryUploadStep',67,'2020-03-17 04:18:16','2020-03-17 04:18:16','FAILED',0,0,0,0,0,0,0,0,'FAILED','java.lang.IllegalArgumentException: Unable to invoke method: [public void com.fms.event.batch.EventSummaryReader.beforeStep(org.springframework.batch.core.StepExecution) throws java.io.FileNotFoundException] on object: [com.fms.event.batch.EventSummaryReader@5dfeb326] with arguments: [[StepExecution: id=67, version=1, name=eventSummaryUploadStep, status=STARTED, exitStatus=EXECUTING, readCount=0, filterCount=0, writeCount=0 readSkipCount=0, writeSkipCount=0, processSkipCount=0, commitCount=0, rollbackCount=0, exitDescription=]]\r\n	at org.springframework.batch.support.SimpleMethodInvoker.invokeMethod(SimpleMethodInvoker.java:112)\r\n	at org.springframework.batch.core.listener.MethodInvokerMethodInterceptor.invoke(MethodInvokerMethodInterceptor.java:69)\r\n	at org.springframework.aop.framework.ReflectiveMethodInvocation.proceed(ReflectiveMethodInvocation.java:186)\r\n	at org.springframework.aop.framework.JdkDynamicAopProxy.invoke(JdkDynamicAopProxy.java:212)\r\n	at com.sun.proxy.$Proxy172.beforeStep(Unknown Source)\r\n	at org.springframework.batch.core.listener.CompositeStepExecutionListener.beforeStep(CompositeStepExecutionListener.java:79)\r\n	at org.springframework.batch.core.step.AbstractStep.execute(AbstractStep.java:204)\r\n	at org.springframework.batch.core.job.SimpleStepHandler.handleStep(SimpleStepHandler.java:148)\r\n	at org.springframework.batch.core.job.flow.JobFlowExecutor.executeStep(JobFlowExecutor.java:68)\r\n	at org.springframework.batch.core.job.flow.support.state.StepState.handle(StepState.java:68)\r\n	at org.springframework.batch.core.job.flow.support.SimpleFlow.resume(SimpleFlow.java:169)\r\n	at org.springframework.batch.core.job.flow.support.SimpleFlow.start(SimpleFlow.java:144)\r\n	at org.springframework.batch.core.job.flow.FlowJob.doExecute(FlowJob.java:137)\r\n	at org.springframework.batch.core.job.AbstractJob.execute(AbstractJob.java:319)\r\n	at org.springframework.batch.core.launch.support.SimpleJobLauncher$1.run(SimpleJobLauncher.java:147)\r\n	at org.springframework.core.task.SyncTaskExecutor.execute(SyncTaskExecutor.java:50)\r\n	at org.springframework.batch.core.launch.support.SimpleJobLauncher.run(SimpleJobLauncher.java:140)\r\n	at java.base/jdk.internal.reflect.NativeMethodAccessorImpl.invoke0(Native Method)\r\n	at java.base/jdk.internal.reflect.NativeMethodAccessorImpl.invoke(NativeMethodAccessorImpl.java:62)\r\n	at java.base/jdk.internal.reflect.DelegatingMethodAccessorImpl.invoke(DelegatingMethodAccessorImpl.java:43)\r\n	at java.base/java.lang.reflect.Method.invoke','2020-03-17 04:18:16'),(68,2,'eventSummaryUploadStep',68,'2020-03-17 04:18:16','2020-03-17 04:18:17','FAILED',0,0,0,0,0,0,0,0,'FAILED','org.springframework.batch.item.ItemStreamException: Failed to initialize the reader\r\n	at org.springframework.batch.item.support.AbstractItemCountingItemStreamItemReader.open(AbstractItemCountingItemStreamItemReader.java:153)\r\n	at org.springframework.batch.item.support.CompositeItemStream.open(CompositeItemStream.java:103)\r\n	at org.springframework.batch.core.step.tasklet.TaskletStep.open(TaskletStep.java:311)\r\n	at org.springframework.batch.core.step.AbstractStep.execute(AbstractStep.java:205)\r\n	at org.springframework.batch.core.job.SimpleStepHandler.handleStep(SimpleStepHandler.java:148)\r\n	at org.springframework.batch.core.job.flow.JobFlowExecutor.executeStep(JobFlowExecutor.java:68)\r\n	at org.springframework.batch.core.job.flow.support.state.StepState.handle(StepState.java:68)\r\n	at org.springframework.batch.core.job.flow.support.SimpleFlow.resume(SimpleFlow.java:169)\r\n	at org.springframework.batch.core.job.flow.support.SimpleFlow.start(SimpleFlow.java:144)\r\n	at org.springframework.batch.core.job.flow.FlowJob.doExecute(FlowJob.java:137)\r\n	at org.springframework.batch.core.job.AbstractJob.execute(AbstractJob.java:319)\r\n	at org.springframework.batch.core.launch.support.SimpleJobLauncher$1.run(SimpleJobLauncher.java:147)\r\n	at org.springframework.core.task.SyncTaskExecutor.execute(SyncTaskExecutor.java:50)\r\n	at org.springframework.batch.core.launch.support.SimpleJobLauncher.run(SimpleJobLauncher.java:140)\r\n	at java.base/jdk.internal.reflect.NativeMethodAccessorImpl.invoke0(Native Method)\r\n	at java.base/jdk.internal.reflect.NativeMethodAccessorImpl.invoke(NativeMethodAccessorImpl.java:62)\r\n	at java.base/jdk.internal.reflect.DelegatingMethodAccessorImpl.invoke(DelegatingMethodAccessorImpl.java:43)\r\n	at java.base/java.lang.reflect.Method.invoke(Method.java:567)\r\n	at org.springframework.aop.support.AopUtils.invokeJoinpointUsingReflection(AopUtils.java:344)\r\n	at org.springframework.aop.framework.ReflectiveMethodInvocation.invokeJoinpoint(ReflectiveMethodInvocation.java:198)\r\n	at org.springframework.aop.framework.ReflectiveMethodInvocation.proceed(ReflectiveMethodInvocation.java:163)\r\n	at org.springframework.batch.core.configuration.annotation.SimpleBatchConfiguration$PassthruAdvice.invoke(SimpleBatchConfiguration.java:127)\r\n	at org.springframework.aop.framework.ReflectiveMethodInvocation.proceed(ReflectiveMethodInvocation.java:186)\r\n	at org.springframework.aop.framework.JdkDynamicAopProxy.invoke(JdkDynamicAopProxy.java:212)\r\n	at com.sun.proxy.$Proxy173.run(Unknown So','2020-03-17 04:18:17'),(69,2,'eventSummaryUploadStep',69,'2020-03-17 04:18:17','2020-03-17 04:18:17','FAILED',0,0,0,0,0,0,0,0,'FAILED','org.springframework.batch.item.ItemStreamException: Failed to initialize the reader\r\n	at org.springframework.batch.item.support.AbstractItemCountingItemStreamItemReader.open(AbstractItemCountingItemStreamItemReader.java:153)\r\n	at org.springframework.batch.item.support.CompositeItemStream.open(CompositeItemStream.java:103)\r\n	at org.springframework.batch.core.step.tasklet.TaskletStep.open(TaskletStep.java:311)\r\n	at org.springframework.batch.core.step.AbstractStep.execute(AbstractStep.java:205)\r\n	at org.springframework.batch.core.job.SimpleStepHandler.handleStep(SimpleStepHandler.java:148)\r\n	at org.springframework.batch.core.job.flow.JobFlowExecutor.executeStep(JobFlowExecutor.java:68)\r\n	at org.springframework.batch.core.job.flow.support.state.StepState.handle(StepState.java:68)\r\n	at org.springframework.batch.core.job.flow.support.SimpleFlow.resume(SimpleFlow.java:169)\r\n	at org.springframework.batch.core.job.flow.support.SimpleFlow.start(SimpleFlow.java:144)\r\n	at org.springframework.batch.core.job.flow.FlowJob.doExecute(FlowJob.java:137)\r\n	at org.springframework.batch.core.job.AbstractJob.execute(AbstractJob.java:319)\r\n	at org.springframework.batch.core.launch.support.SimpleJobLauncher$1.run(SimpleJobLauncher.java:147)\r\n	at org.springframework.core.task.SyncTaskExecutor.execute(SyncTaskExecutor.java:50)\r\n	at org.springframework.batch.core.launch.support.SimpleJobLauncher.run(SimpleJobLauncher.java:140)\r\n	at java.base/jdk.internal.reflect.NativeMethodAccessorImpl.invoke0(Native Method)\r\n	at java.base/jdk.internal.reflect.NativeMethodAccessorImpl.invoke(NativeMethodAccessorImpl.java:62)\r\n	at java.base/jdk.internal.reflect.DelegatingMethodAccessorImpl.invoke(DelegatingMethodAccessorImpl.java:43)\r\n	at java.base/java.lang.reflect.Method.invoke(Method.java:567)\r\n	at org.springframework.aop.support.AopUtils.invokeJoinpointUsingReflection(AopUtils.java:344)\r\n	at org.springframework.aop.framework.ReflectiveMethodInvocation.invokeJoinpoint(ReflectiveMethodInvocation.java:198)\r\n	at org.springframework.aop.framework.ReflectiveMethodInvocation.proceed(ReflectiveMethodInvocation.java:163)\r\n	at org.springframework.batch.core.configuration.annotation.SimpleBatchConfiguration$PassthruAdvice.invoke(SimpleBatchConfiguration.java:127)\r\n	at org.springframework.aop.framework.ReflectiveMethodInvocation.proceed(ReflectiveMethodInvocation.java:186)\r\n	at org.springframework.aop.framework.JdkDynamicAopProxy.invoke(JdkDynamicAopProxy.java:212)\r\n	at com.sun.proxy.$Proxy173.run(Unknown So','2020-03-17 04:18:17'),(70,2,'eventSummaryUploadStep',70,'2020-03-17 04:19:16','2020-03-17 04:19:16','FAILED',0,0,0,0,0,0,0,0,'FAILED','org.springframework.batch.item.ItemStreamException: Failed to initialize the reader\r\n	at org.springframework.batch.item.support.AbstractItemCountingItemStreamItemReader.open(AbstractItemCountingItemStreamItemReader.java:153)\r\n	at org.springframework.batch.item.support.CompositeItemStream.open(CompositeItemStream.java:103)\r\n	at org.springframework.batch.core.step.tasklet.TaskletStep.open(TaskletStep.java:311)\r\n	at org.springframework.batch.core.step.AbstractStep.execute(AbstractStep.java:205)\r\n	at org.springframework.batch.core.job.SimpleStepHandler.handleStep(SimpleStepHandler.java:148)\r\n	at org.springframework.batch.core.job.flow.JobFlowExecutor.executeStep(JobFlowExecutor.java:68)\r\n	at org.springframework.batch.core.job.flow.support.state.StepState.handle(StepState.java:68)\r\n	at org.springframework.batch.core.job.flow.support.SimpleFlow.resume(SimpleFlow.java:169)\r\n	at org.springframework.batch.core.job.flow.support.SimpleFlow.start(SimpleFlow.java:144)\r\n	at org.springframework.batch.core.job.flow.FlowJob.doExecute(FlowJob.java:137)\r\n	at org.springframework.batch.core.job.AbstractJob.execute(AbstractJob.java:319)\r\n	at org.springframework.batch.core.launch.support.SimpleJobLauncher$1.run(SimpleJobLauncher.java:147)\r\n	at org.springframework.core.task.SyncTaskExecutor.execute(SyncTaskExecutor.java:50)\r\n	at org.springframework.batch.core.launch.support.SimpleJobLauncher.run(SimpleJobLauncher.java:140)\r\n	at java.base/jdk.internal.reflect.NativeMethodAccessorImpl.invoke0(Native Method)\r\n	at java.base/jdk.internal.reflect.NativeMethodAccessorImpl.invoke(NativeMethodAccessorImpl.java:62)\r\n	at java.base/jdk.internal.reflect.DelegatingMethodAccessorImpl.invoke(DelegatingMethodAccessorImpl.java:43)\r\n	at java.base/java.lang.reflect.Method.invoke(Method.java:567)\r\n	at org.springframework.aop.support.AopUtils.invokeJoinpointUsingReflection(AopUtils.java:344)\r\n	at org.springframework.aop.framework.ReflectiveMethodInvocation.invokeJoinpoint(ReflectiveMethodInvocation.java:198)\r\n	at org.springframework.aop.framework.ReflectiveMethodInvocation.proceed(ReflectiveMethodInvocation.java:163)\r\n	at org.springframework.batch.core.configuration.annotation.SimpleBatchConfiguration$PassthruAdvice.invoke(SimpleBatchConfiguration.java:127)\r\n	at org.springframework.aop.framework.ReflectiveMethodInvocation.proceed(ReflectiveMethodInvocation.java:186)\r\n	at org.springframework.aop.framework.JdkDynamicAopProxy.invoke(JdkDynamicAopProxy.java:212)\r\n	at com.sun.proxy.$Proxy173.run(Unknown So','2020-03-17 04:19:16'),(71,2,'eventSummaryUploadStep',71,'2020-03-17 04:19:16','2020-03-17 04:19:16','FAILED',0,0,0,0,0,0,0,0,'FAILED','org.springframework.batch.item.ItemStreamException: Failed to initialize the reader\r\n	at org.springframework.batch.item.support.AbstractItemCountingItemStreamItemReader.open(AbstractItemCountingItemStreamItemReader.java:153)\r\n	at org.springframework.batch.item.support.CompositeItemStream.open(CompositeItemStream.java:103)\r\n	at org.springframework.batch.core.step.tasklet.TaskletStep.open(TaskletStep.java:311)\r\n	at org.springframework.batch.core.step.AbstractStep.execute(AbstractStep.java:205)\r\n	at org.springframework.batch.core.job.SimpleStepHandler.handleStep(SimpleStepHandler.java:148)\r\n	at org.springframework.batch.core.job.flow.JobFlowExecutor.executeStep(JobFlowExecutor.java:68)\r\n	at org.springframework.batch.core.job.flow.support.state.StepState.handle(StepState.java:68)\r\n	at org.springframework.batch.core.job.flow.support.SimpleFlow.resume(SimpleFlow.java:169)\r\n	at org.springframework.batch.core.job.flow.support.SimpleFlow.start(SimpleFlow.java:144)\r\n	at org.springframework.batch.core.job.flow.FlowJob.doExecute(FlowJob.java:137)\r\n	at org.springframework.batch.core.job.AbstractJob.execute(AbstractJob.java:319)\r\n	at org.springframework.batch.core.launch.support.SimpleJobLauncher$1.run(SimpleJobLauncher.java:147)\r\n	at org.springframework.core.task.SyncTaskExecutor.execute(SyncTaskExecutor.java:50)\r\n	at org.springframework.batch.core.launch.support.SimpleJobLauncher.run(SimpleJobLauncher.java:140)\r\n	at java.base/jdk.internal.reflect.NativeMethodAccessorImpl.invoke0(Native Method)\r\n	at java.base/jdk.internal.reflect.NativeMethodAccessorImpl.invoke(NativeMethodAccessorImpl.java:62)\r\n	at java.base/jdk.internal.reflect.DelegatingMethodAccessorImpl.invoke(DelegatingMethodAccessorImpl.java:43)\r\n	at java.base/java.lang.reflect.Method.invoke(Method.java:567)\r\n	at org.springframework.aop.support.AopUtils.invokeJoinpointUsingReflection(AopUtils.java:344)\r\n	at org.springframework.aop.framework.ReflectiveMethodInvocation.invokeJoinpoint(ReflectiveMethodInvocation.java:198)\r\n	at org.springframework.aop.framework.ReflectiveMethodInvocation.proceed(ReflectiveMethodInvocation.java:163)\r\n	at org.springframework.batch.core.configuration.annotation.SimpleBatchConfiguration$PassthruAdvice.invoke(SimpleBatchConfiguration.java:127)\r\n	at org.springframework.aop.framework.ReflectiveMethodInvocation.proceed(ReflectiveMethodInvocation.java:186)\r\n	at org.springframework.aop.framework.JdkDynamicAopProxy.invoke(JdkDynamicAopProxy.java:212)\r\n	at com.sun.proxy.$Proxy173.run(Unknown So','2020-03-17 04:19:16'),(72,3,'eventSummaryUploadStep',72,'2020-03-17 04:24:17','2020-03-17 04:24:17','COMPLETED',1,0,0,0,0,0,0,0,'COMPLETED','','2020-03-17 04:24:17'),(73,3,'eventSummaryUploadStep',73,'2020-03-17 04:24:17','2020-03-17 04:24:17','COMPLETED',1,0,0,0,0,0,0,0,'COMPLETED','','2020-03-17 04:24:17'),(74,3,'eventSummaryUploadStep',74,'2020-03-17 04:26:29','2020-03-17 04:26:29','COMPLETED',1,0,0,0,0,0,0,0,'COMPLETED','','2020-03-17 04:26:29'),(75,3,'eventSummaryUploadStep',75,'2020-03-17 04:26:30','2020-03-17 04:26:30','COMPLETED',1,0,0,0,0,0,0,0,'COMPLETED','','2020-03-17 04:26:30'),(76,3,'eventSummaryUploadStep',76,'2020-03-17 04:30:15','2020-03-17 04:30:15','COMPLETED',1,0,0,0,0,0,0,0,'COMPLETED','','2020-03-17 04:30:15'),(77,3,'eventSummaryUploadStep',77,'2020-03-17 04:30:15','2020-03-17 04:30:15','COMPLETED',1,0,0,0,0,0,0,0,'COMPLETED','','2020-03-17 04:30:15'),(78,3,'eventSummaryUploadStep',78,'2020-03-17 04:30:36','2020-03-17 04:30:36','COMPLETED',1,0,0,0,0,0,0,0,'COMPLETED','','2020-03-17 04:30:36'),(79,3,'eventSummaryUploadStep',79,'2020-03-17 04:31:01','2020-03-17 04:31:01','COMPLETED',1,3,0,3,0,0,0,0,'COMPLETED','','2020-03-17 04:31:01'),(80,2,'eventSummaryUploadStep',80,'2020-03-17 04:31:01','2020-03-17 04:31:02','FAILED',0,0,0,0,0,0,0,0,'FAILED','org.springframework.batch.item.ItemStreamException: Failed to initialize the reader\r\n	at org.springframework.batch.item.support.AbstractItemCountingItemStreamItemReader.open(AbstractItemCountingItemStreamItemReader.java:153)\r\n	at org.springframework.batch.item.support.CompositeItemStream.open(CompositeItemStream.java:103)\r\n	at org.springframework.batch.core.step.tasklet.TaskletStep.open(TaskletStep.java:311)\r\n	at org.springframework.batch.core.step.AbstractStep.execute(AbstractStep.java:205)\r\n	at org.springframework.batch.core.job.SimpleStepHandler.handleStep(SimpleStepHandler.java:148)\r\n	at org.springframework.batch.core.job.flow.JobFlowExecutor.executeStep(JobFlowExecutor.java:68)\r\n	at org.springframework.batch.core.job.flow.support.state.StepState.handle(StepState.java:68)\r\n	at org.springframework.batch.core.job.flow.support.SimpleFlow.resume(SimpleFlow.java:169)\r\n	at org.springframework.batch.core.job.flow.support.SimpleFlow.start(SimpleFlow.java:144)\r\n	at org.springframework.batch.core.job.flow.FlowJob.doExecute(FlowJob.java:137)\r\n	at org.springframework.batch.core.job.AbstractJob.execute(AbstractJob.java:319)\r\n	at org.springframework.batch.core.launch.support.SimpleJobLauncher$1.run(SimpleJobLauncher.java:147)\r\n	at org.springframework.core.task.SyncTaskExecutor.execute(SyncTaskExecutor.java:50)\r\n	at org.springframework.batch.core.launch.support.SimpleJobLauncher.run(SimpleJobLauncher.java:140)\r\n	at java.base/jdk.internal.reflect.NativeMethodAccessorImpl.invoke0(Native Method)\r\n	at java.base/jdk.internal.reflect.NativeMethodAccessorImpl.invoke(NativeMethodAccessorImpl.java:62)\r\n	at java.base/jdk.internal.reflect.DelegatingMethodAccessorImpl.invoke(DelegatingMethodAccessorImpl.java:43)\r\n	at java.base/java.lang.reflect.Method.invoke(Method.java:567)\r\n	at org.springframework.aop.support.AopUtils.invokeJoinpointUsingReflection(AopUtils.java:344)\r\n	at org.springframework.aop.framework.ReflectiveMethodInvocation.invokeJoinpoint(ReflectiveMethodInvocation.java:198)\r\n	at org.springframework.aop.framework.ReflectiveMethodInvocation.proceed(ReflectiveMethodInvocation.java:163)\r\n	at org.springframework.batch.core.configuration.annotation.SimpleBatchConfiguration$PassthruAdvice.invoke(SimpleBatchConfiguration.java:127)\r\n	at org.springframework.aop.framework.ReflectiveMethodInvocation.proceed(ReflectiveMethodInvocation.java:186)\r\n	at org.springframework.aop.framework.JdkDynamicAopProxy.invoke(JdkDynamicAopProxy.java:212)\r\n	at com.sun.proxy.$Proxy240.run(Unknown So','2020-03-17 04:31:02'),(81,3,'eventSummaryUploadStep',81,'2020-03-17 04:32:46','2020-03-17 04:32:46','COMPLETED',1,3,0,3,0,0,0,0,'COMPLETED','','2020-03-17 04:32:46'),(82,3,'eventSummaryUploadStep',82,'2020-03-17 04:32:46','2020-03-17 04:32:46','COMPLETED',1,3,0,3,0,0,0,0,'COMPLETED','','2020-03-17 04:32:46'),(83,3,'eventSummaryUploadStep',83,'2020-03-17 04:32:46','2020-03-17 04:32:46','COMPLETED',1,3,0,3,0,0,0,0,'COMPLETED','','2020-03-17 04:32:46'),(84,3,'eventSummaryUploadStep',84,'2020-03-17 04:33:10','2020-03-17 04:33:10','COMPLETED',1,3,0,3,0,0,0,0,'COMPLETED','','2020-03-17 04:33:10'),(85,3,'eventSummaryUploadStep',85,'2020-03-17 04:33:11','2020-03-17 04:33:11','COMPLETED',1,3,0,3,0,0,0,0,'COMPLETED','','2020-03-17 04:33:11'),(86,3,'eventSummaryUploadStep',86,'2020-03-17 04:33:51','2020-03-17 04:33:51','COMPLETED',1,3,0,3,0,0,0,0,'COMPLETED','','2020-03-17 04:33:51'),(87,3,'eventSummaryUploadStep',87,'2020-03-17 04:33:51','2020-03-17 04:33:51','COMPLETED',1,3,0,3,0,0,0,0,'COMPLETED','','2020-03-17 04:33:51'),(88,3,'eventSummaryUploadStep',88,'2020-03-17 04:33:51','2020-03-17 04:33:51','COMPLETED',1,3,0,3,0,0,0,0,'COMPLETED','','2020-03-17 04:33:51'),(89,3,'eventSummaryUploadStep',89,'2020-03-17 04:33:51','2020-03-17 04:33:51','COMPLETED',1,3,0,3,0,0,0,0,'COMPLETED','','2020-03-17 04:33:51'),(90,3,'eventSummaryUploadStep',90,'2020-03-17 04:33:51','2020-03-17 04:33:52','COMPLETED',1,3,0,3,0,0,0,0,'COMPLETED','','2020-03-17 04:33:52'),(91,3,'eventSummaryUploadStep',91,'2020-03-17 04:33:52','2020-03-17 04:33:52','COMPLETED',1,3,0,3,0,0,0,0,'COMPLETED','','2020-03-17 04:33:52'),(92,3,'eventSummaryUploadStep',92,'2020-03-17 04:33:52','2020-03-17 04:33:52','COMPLETED',1,3,0,3,0,0,0,0,'COMPLETED','','2020-03-17 04:33:52'),(93,3,'eventSummaryUploadStep',93,'2020-03-17 04:33:52','2020-03-17 04:33:52','COMPLETED',1,3,0,3,0,0,0,0,'COMPLETED','','2020-03-17 04:33:52'),(94,3,'eventSummaryUploadStep',94,'2020-03-17 04:33:52','2020-03-17 04:33:52','COMPLETED',1,3,0,3,0,0,0,0,'COMPLETED','','2020-03-17 04:33:52'),(95,3,'eventSummaryUploadStep',95,'2020-03-17 04:33:52','2020-03-17 04:33:52','COMPLETED',1,3,0,3,0,0,0,0,'COMPLETED','','2020-03-17 04:33:52'),(96,3,'eventSummaryUploadStep',96,'2020-03-17 04:33:52','2020-03-17 04:33:53','COMPLETED',1,3,0,3,0,0,0,0,'COMPLETED','','2020-03-17 04:33:53'),(97,3,'eventSummaryUploadStep',97,'2020-03-17 04:33:53','2020-03-17 04:33:53','COMPLETED',1,3,0,3,0,0,0,0,'COMPLETED','','2020-03-17 04:33:53'),(98,3,'eventSummaryUploadStep',98,'2020-03-17 04:33:53','2020-03-17 04:33:53','COMPLETED',1,3,0,3,0,0,0,0,'COMPLETED','','2020-03-17 04:33:53'),(99,3,'eventSummaryUploadStep',99,'2020-03-17 04:33:53','2020-03-17 04:33:53','COMPLETED',1,3,0,3,0,0,0,0,'COMPLETED','','2020-03-17 04:33:53'),(100,3,'eventSummaryUploadStep',100,'2020-03-17 04:33:53','2020-03-17 04:33:53','COMPLETED',1,3,0,3,0,0,0,0,'COMPLETED','','2020-03-17 04:33:53'),(101,3,'eventSummaryUploadStep',101,'2020-03-17 04:33:53','2020-03-17 04:33:53','COMPLETED',1,3,0,3,0,0,0,0,'COMPLETED','','2020-03-17 04:33:53'),(102,3,'eventSummaryUploadStep',102,'2020-03-17 04:33:53','2020-03-17 04:33:54','COMPLETED',1,3,0,3,0,0,0,0,'COMPLETED','','2020-03-17 04:33:54'),(103,3,'eventSummaryUploadStep',103,'2020-03-17 04:33:54','2020-03-17 04:33:54','COMPLETED',1,3,0,3,0,0,0,0,'COMPLETED','','2020-03-17 04:33:54'),(104,3,'eventSummaryUploadStep',104,'2020-03-17 14:40:23','2020-03-17 14:40:24','COMPLETED',1,3,0,3,0,0,0,0,'COMPLETED','','2020-03-17 14:40:24'),(105,3,'eventSummaryUploadStep',105,'2020-03-17 14:40:24','2020-03-17 14:40:24','COMPLETED',1,3,0,3,0,0,0,0,'COMPLETED','','2020-03-17 14:40:24'),(106,3,'eventSummaryUploadStep',106,'2020-03-17 16:08:49','2020-03-17 16:08:51','COMPLETED',1,3,0,3,0,0,0,0,'COMPLETED','','2020-03-17 16:08:51'),(107,3,'eventSummaryUploadStep',107,'2020-03-17 16:08:51','2020-03-17 16:08:51','COMPLETED',1,3,0,3,0,0,0,0,'COMPLETED','','2020-03-17 16:08:51'),(108,3,'eventSummaryUploadStep',108,'2020-03-17 16:31:43','2020-03-17 16:31:44','COMPLETED',1,3,0,3,0,0,0,0,'COMPLETED','','2020-03-17 16:31:44'),(109,3,'eventSummaryUploadStep',109,'2020-03-17 16:31:44','2020-03-17 16:31:44','COMPLETED',1,3,0,3,0,0,0,0,'COMPLETED','','2020-03-17 16:31:44'),(110,3,'eventSummaryUploadStep',110,'2020-03-17 16:32:23','2020-03-17 16:32:23','COMPLETED',1,3,0,3,0,0,0,0,'COMPLETED','','2020-03-17 16:32:23'),(111,3,'eventSummaryUploadStep',111,'2020-03-17 16:32:23','2020-03-17 16:32:23','COMPLETED',1,3,0,3,0,0,0,0,'COMPLETED','','2020-03-17 16:32:23'),(112,3,'eventSummaryUploadStep',112,'2020-03-17 16:32:23','2020-03-17 16:32:23','COMPLETED',1,3,0,3,0,0,0,0,'COMPLETED','','2020-03-17 16:32:23'),(113,3,'eventSummaryUploadStep',113,'2020-03-17 16:32:23','2020-03-17 16:32:24','COMPLETED',1,3,0,3,0,0,0,0,'COMPLETED','','2020-03-17 16:32:24'),(114,3,'eventSummaryUploadStep',114,'2020-03-17 16:32:24','2020-03-17 16:32:24','COMPLETED',1,3,0,3,0,0,0,0,'COMPLETED','','2020-03-17 16:32:24'),(115,3,'eventSummaryUploadStep',115,'2020-03-17 16:32:24','2020-03-17 16:32:24','COMPLETED',1,3,0,3,0,0,0,0,'COMPLETED','','2020-03-17 16:32:24'),(116,3,'eventSummaryUploadStep',116,'2020-03-17 16:32:24','2020-03-17 16:32:24','COMPLETED',1,3,0,3,0,0,0,0,'COMPLETED','','2020-03-17 16:32:24'),(117,3,'eventSummaryUploadStep',117,'2020-03-17 16:32:24','2020-03-17 16:32:25','COMPLETED',1,3,0,3,0,0,0,0,'COMPLETED','','2020-03-17 16:32:25'),(118,3,'eventSummaryUploadStep',118,'2020-03-17 16:32:25','2020-03-17 16:32:25','COMPLETED',1,3,0,3,0,0,0,0,'COMPLETED','','2020-03-17 16:32:25'),(119,3,'eventSummaryUploadStep',119,'2020-03-17 16:32:25','2020-03-17 16:32:25','COMPLETED',1,3,0,3,0,0,0,0,'COMPLETED','','2020-03-17 16:32:25'),(120,3,'eventSummaryUploadStep',120,'2020-03-17 16:32:25','2020-03-17 16:32:25','COMPLETED',1,3,0,3,0,0,0,0,'COMPLETED','','2020-03-17 16:32:25'),(121,3,'eventSummaryUploadStep',121,'2020-03-17 16:32:25','2020-03-17 16:32:25','COMPLETED',1,3,0,3,0,0,0,0,'COMPLETED','','2020-03-17 16:32:25'),(122,3,'eventSummaryUploadStep',122,'2020-03-17 16:39:54','2020-03-17 16:39:55','COMPLETED',1,3,0,3,0,0,0,0,'COMPLETED','','2020-03-17 16:39:55'),(123,3,'eventSummaryUploadStep',123,'2020-03-17 16:39:55','2020-03-17 16:39:55','COMPLETED',1,3,0,3,0,0,0,0,'COMPLETED','','2020-03-17 16:39:55'),(124,3,'eventSummaryUploadStep',124,'2020-03-17 16:39:55','2020-03-17 16:39:55','COMPLETED',1,3,0,3,0,0,0,0,'COMPLETED','','2020-03-17 16:39:55'),(125,2,'eventSummaryUploadStep',125,'2020-03-17 16:42:25','2020-03-17 16:42:25','FAILED',0,0,0,0,0,0,0,0,'FAILED','java.lang.IllegalArgumentException: Unable to invoke method: [public void com.fms.event.batch.EventSummaryReader.beforeStep(org.springframework.batch.core.StepExecution) throws java.io.FileNotFoundException] on object: [com.fms.event.batch.EventSummaryReader@53a40621] with arguments: [[StepExecution: id=125, version=1, name=eventSummaryUploadStep, status=STARTED, exitStatus=EXECUTING, readCount=0, filterCount=0, writeCount=0 readSkipCount=0, writeSkipCount=0, processSkipCount=0, commitCount=0, rollbackCount=0, exitDescription=]]\r\n	at org.springframework.batch.support.SimpleMethodInvoker.invokeMethod(SimpleMethodInvoker.java:112)\r\n	at org.springframework.batch.core.listener.MethodInvokerMethodInterceptor.invoke(MethodInvokerMethodInterceptor.java:69)\r\n	at org.springframework.aop.framework.ReflectiveMethodInvocation.proceed(ReflectiveMethodInvocation.java:186)\r\n	at org.springframework.aop.framework.JdkDynamicAopProxy.invoke(JdkDynamicAopProxy.java:212)\r\n	at com.sun.proxy.$Proxy259.beforeStep(Unknown Source)\r\n	at org.springframework.batch.core.listener.CompositeStepExecutionListener.beforeStep(CompositeStepExecutionListener.java:79)\r\n	at org.springframework.batch.core.step.AbstractStep.execute(AbstractStep.java:204)\r\n	at org.springframework.batch.core.job.SimpleStepHandler.handleStep(SimpleStepHandler.java:148)\r\n	at org.springframework.batch.core.job.flow.JobFlowExecutor.executeStep(JobFlowExecutor.java:68)\r\n	at org.springframework.batch.core.job.flow.support.state.StepState.handle(StepState.java:68)\r\n	at org.springframework.batch.core.job.flow.support.SimpleFlow.resume(SimpleFlow.java:169)\r\n	at org.springframework.batch.core.job.flow.support.SimpleFlow.start(SimpleFlow.java:144)\r\n	at org.springframework.batch.core.job.flow.FlowJob.doExecute(FlowJob.java:137)\r\n	at org.springframework.batch.core.job.AbstractJob.execute(AbstractJob.java:319)\r\n	at org.springframework.batch.core.launch.support.SimpleJobLauncher$1.run(SimpleJobLauncher.java:147)\r\n	at org.springframework.core.task.SyncTaskExecutor.execute(SyncTaskExecutor.java:50)\r\n	at org.springframework.batch.core.launch.support.SimpleJobLauncher.run(SimpleJobLauncher.java:140)\r\n	at java.base/jdk.internal.reflect.NativeMethodAccessorImpl.invoke0(Native Method)\r\n	at java.base/jdk.internal.reflect.NativeMethodAccessorImpl.invoke(NativeMethodAccessorImpl.java:62)\r\n	at java.base/jdk.internal.reflect.DelegatingMethodAccessorImpl.invoke(DelegatingMethodAccessorImpl.java:43)\r\n	at java.base/java.lang.reflect.Method.invok','2020-03-17 16:42:25'),(126,2,'eventSummaryUploadStep',126,'2020-03-17 16:42:25','2020-03-17 16:42:25','FAILED',0,0,0,0,0,0,0,0,'FAILED','java.lang.IllegalArgumentException: Unable to invoke method: [public void com.fms.event.batch.EventSummaryReader.beforeStep(org.springframework.batch.core.StepExecution) throws java.io.FileNotFoundException] on object: [com.fms.event.batch.EventSummaryReader@53a40621] with arguments: [[StepExecution: id=126, version=1, name=eventSummaryUploadStep, status=STARTED, exitStatus=EXECUTING, readCount=0, filterCount=0, writeCount=0 readSkipCount=0, writeSkipCount=0, processSkipCount=0, commitCount=0, rollbackCount=0, exitDescription=]]\r\n	at org.springframework.batch.support.SimpleMethodInvoker.invokeMethod(SimpleMethodInvoker.java:112)\r\n	at org.springframework.batch.core.listener.MethodInvokerMethodInterceptor.invoke(MethodInvokerMethodInterceptor.java:69)\r\n	at org.springframework.aop.framework.ReflectiveMethodInvocation.proceed(ReflectiveMethodInvocation.java:186)\r\n	at org.springframework.aop.framework.JdkDynamicAopProxy.invoke(JdkDynamicAopProxy.java:212)\r\n	at com.sun.proxy.$Proxy259.beforeStep(Unknown Source)\r\n	at org.springframework.batch.core.listener.CompositeStepExecutionListener.beforeStep(CompositeStepExecutionListener.java:79)\r\n	at org.springframework.batch.core.step.AbstractStep.execute(AbstractStep.java:204)\r\n	at org.springframework.batch.core.job.SimpleStepHandler.handleStep(SimpleStepHandler.java:148)\r\n	at org.springframework.batch.core.job.flow.JobFlowExecutor.executeStep(JobFlowExecutor.java:68)\r\n	at org.springframework.batch.core.job.flow.support.state.StepState.handle(StepState.java:68)\r\n	at org.springframework.batch.core.job.flow.support.SimpleFlow.resume(SimpleFlow.java:169)\r\n	at org.springframework.batch.core.job.flow.support.SimpleFlow.start(SimpleFlow.java:144)\r\n	at org.springframework.batch.core.job.flow.FlowJob.doExecute(FlowJob.java:137)\r\n	at org.springframework.batch.core.job.AbstractJob.execute(AbstractJob.java:319)\r\n	at org.springframework.batch.core.launch.support.SimpleJobLauncher$1.run(SimpleJobLauncher.java:147)\r\n	at org.springframework.core.task.SyncTaskExecutor.execute(SyncTaskExecutor.java:50)\r\n	at org.springframework.batch.core.launch.support.SimpleJobLauncher.run(SimpleJobLauncher.java:140)\r\n	at java.base/jdk.internal.reflect.NativeMethodAccessorImpl.invoke0(Native Method)\r\n	at java.base/jdk.internal.reflect.NativeMethodAccessorImpl.invoke(NativeMethodAccessorImpl.java:62)\r\n	at java.base/jdk.internal.reflect.DelegatingMethodAccessorImpl.invoke(DelegatingMethodAccessorImpl.java:43)\r\n	at java.base/java.lang.reflect.Method.invok','2020-03-17 16:42:25'),(127,4,'eventSummaryUploadStep',127,'2020-03-17 16:43:59','2020-03-17 16:43:59','COMPLETED',2,10,0,10,0,0,0,0,'COMPLETED','','2020-03-17 16:43:59'),(128,4,'eventSummaryUploadStep',128,'2020-03-17 16:43:59','2020-03-17 16:43:59','COMPLETED',2,10,0,10,0,0,0,0,'COMPLETED','','2020-03-17 16:43:59'),(129,4,'eventSummaryUploadStep',129,'2020-03-17 16:56:44','2020-03-17 16:56:52','COMPLETED',2,10,0,10,0,0,0,0,'COMPLETED','','2020-03-17 16:56:52'),(130,4,'eventSummaryUploadStep',130,'2020-03-17 16:56:52','2020-03-17 16:56:53','COMPLETED',2,10,0,10,0,0,0,0,'COMPLETED','','2020-03-17 16:56:53'),(131,4,'eventSummaryUploadStep',131,'2020-03-17 16:56:54','2020-03-17 16:56:54','COMPLETED',2,10,0,10,0,0,0,0,'COMPLETED','','2020-03-17 16:56:54'),(132,4,'eventSummaryUploadStep',132,'2020-03-17 16:56:54','2020-03-17 16:57:03','COMPLETED',2,10,0,10,0,0,0,0,'COMPLETED','','2020-03-17 16:57:03'),(133,4,'eventSummaryUploadStep',133,'2020-03-17 16:57:03','2020-03-17 16:57:07','COMPLETED',2,10,0,10,0,0,0,0,'COMPLETED','','2020-03-17 16:57:07'),(134,4,'eventSummaryUploadStep',134,'2020-03-17 16:57:07','2020-03-17 16:57:07','COMPLETED',2,10,0,10,0,0,0,0,'COMPLETED','','2020-03-17 16:57:07'),(135,4,'eventSummaryUploadStep',135,'2020-03-17 16:57:38','2020-03-17 16:57:57','COMPLETED',2,10,0,10,0,0,0,0,'COMPLETED','','2020-03-17 16:57:57'),(136,4,'eventSummaryUploadStep',136,'2020-03-17 16:57:57','2020-03-17 16:57:57','COMPLETED',2,10,0,10,0,0,0,0,'COMPLETED','','2020-03-17 16:57:57'),(137,2,'eventSummaryUploadStep',137,'2020-03-17 16:58:29','2020-03-17 16:58:29','FAILED',0,0,0,0,0,0,0,0,'FAILED','java.lang.IllegalArgumentException: Unable to invoke method: [public void com.fms.event.batch.EventSummaryReader.beforeStep(org.springframework.batch.core.StepExecution) throws java.io.FileNotFoundException] on object: [com.fms.event.batch.EventSummaryReader@1dc6129c] with arguments: [[StepExecution: id=137, version=1, name=eventSummaryUploadStep, status=STARTED, exitStatus=EXECUTING, readCount=0, filterCount=0, writeCount=0 readSkipCount=0, writeSkipCount=0, processSkipCount=0, commitCount=0, rollbackCount=0, exitDescription=]]\r\n	at org.springframework.batch.support.SimpleMethodInvoker.invokeMethod(SimpleMethodInvoker.java:112)\r\n	at org.springframework.batch.core.listener.MethodInvokerMethodInterceptor.invoke(MethodInvokerMethodInterceptor.java:69)\r\n	at org.springframework.aop.framework.ReflectiveMethodInvocation.proceed(ReflectiveMethodInvocation.java:186)\r\n	at org.springframework.aop.framework.JdkDynamicAopProxy.invoke(JdkDynamicAopProxy.java:212)\r\n	at com.sun.proxy.$Proxy293.beforeStep(Unknown Source)\r\n	at org.springframework.batch.core.listener.CompositeStepExecutionListener.beforeStep(CompositeStepExecutionListener.java:79)\r\n	at org.springframework.batch.core.step.AbstractStep.execute(AbstractStep.java:204)\r\n	at org.springframework.batch.core.job.SimpleStepHandler.handleStep(SimpleStepHandler.java:148)\r\n	at org.springframework.batch.core.job.flow.JobFlowExecutor.executeStep(JobFlowExecutor.java:68)\r\n	at org.springframework.batch.core.job.flow.support.state.StepState.handle(StepState.java:68)\r\n	at org.springframework.batch.core.job.flow.support.SimpleFlow.resume(SimpleFlow.java:169)\r\n	at org.springframework.batch.core.job.flow.support.SimpleFlow.start(SimpleFlow.java:144)\r\n	at org.springframework.batch.core.job.flow.FlowJob.doExecute(FlowJob.java:137)\r\n	at org.springframework.batch.core.job.AbstractJob.execute(AbstractJob.java:319)\r\n	at org.springframework.batch.core.launch.support.SimpleJobLauncher$1.run(SimpleJobLauncher.java:147)\r\n	at org.springframework.core.task.SyncTaskExecutor.execute(SyncTaskExecutor.java:50)\r\n	at org.springframework.batch.core.launch.support.SimpleJobLauncher.run(SimpleJobLauncher.java:140)\r\n	at jdk.internal.reflect.GeneratedMethodAccessor257.invoke(Unknown Source)\r\n	at java.base/jdk.internal.reflect.DelegatingMethodAccessorImpl.invoke(DelegatingMethodAccessorImpl.java:43)\r\n	at java.base/java.lang.reflect.Method.invoke(Method.java:567)\r\n	at org.springframework.aop.support.AopUtils.invokeJoinpointUsingReflection(AopUtils.java:','2020-03-17 16:58:29'),(138,2,'eventSummaryUploadStep',138,'2020-03-17 16:58:29','2020-03-17 16:58:29','FAILED',0,0,0,0,0,0,0,0,'FAILED','java.lang.IllegalArgumentException: Unable to invoke method: [public void com.fms.event.batch.EventSummaryReader.beforeStep(org.springframework.batch.core.StepExecution) throws java.io.FileNotFoundException] on object: [com.fms.event.batch.EventSummaryReader@1dc6129c] with arguments: [[StepExecution: id=138, version=1, name=eventSummaryUploadStep, status=STARTED, exitStatus=EXECUTING, readCount=0, filterCount=0, writeCount=0 readSkipCount=0, writeSkipCount=0, processSkipCount=0, commitCount=0, rollbackCount=0, exitDescription=]]\r\n	at org.springframework.batch.support.SimpleMethodInvoker.invokeMethod(SimpleMethodInvoker.java:112)\r\n	at org.springframework.batch.core.listener.MethodInvokerMethodInterceptor.invoke(MethodInvokerMethodInterceptor.java:69)\r\n	at org.springframework.aop.framework.ReflectiveMethodInvocation.proceed(ReflectiveMethodInvocation.java:186)\r\n	at org.springframework.aop.framework.JdkDynamicAopProxy.invoke(JdkDynamicAopProxy.java:212)\r\n	at com.sun.proxy.$Proxy293.beforeStep(Unknown Source)\r\n	at org.springframework.batch.core.listener.CompositeStepExecutionListener.beforeStep(CompositeStepExecutionListener.java:79)\r\n	at org.springframework.batch.core.step.AbstractStep.execute(AbstractStep.java:204)\r\n	at org.springframework.batch.core.job.SimpleStepHandler.handleStep(SimpleStepHandler.java:148)\r\n	at org.springframework.batch.core.job.flow.JobFlowExecutor.executeStep(JobFlowExecutor.java:68)\r\n	at org.springframework.batch.core.job.flow.support.state.StepState.handle(StepState.java:68)\r\n	at org.springframework.batch.core.job.flow.support.SimpleFlow.resume(SimpleFlow.java:169)\r\n	at org.springframework.batch.core.job.flow.support.SimpleFlow.start(SimpleFlow.java:144)\r\n	at org.springframework.batch.core.job.flow.FlowJob.doExecute(FlowJob.java:137)\r\n	at org.springframework.batch.core.job.AbstractJob.execute(AbstractJob.java:319)\r\n	at org.springframework.batch.core.launch.support.SimpleJobLauncher$1.run(SimpleJobLauncher.java:147)\r\n	at org.springframework.core.task.SyncTaskExecutor.execute(SyncTaskExecutor.java:50)\r\n	at org.springframework.batch.core.launch.support.SimpleJobLauncher.run(SimpleJobLauncher.java:140)\r\n	at jdk.internal.reflect.GeneratedMethodAccessor257.invoke(Unknown Source)\r\n	at java.base/jdk.internal.reflect.DelegatingMethodAccessorImpl.invoke(DelegatingMethodAccessorImpl.java:43)\r\n	at java.base/java.lang.reflect.Method.invoke(Method.java:567)\r\n	at org.springframework.aop.support.AopUtils.invokeJoinpointUsingReflection(AopUtils.java:','2020-03-17 16:58:29'),(139,4,'eventSummaryUploadStep',139,'2020-03-17 16:58:43','2020-03-17 16:58:43','COMPLETED',2,10,0,10,0,0,0,0,'COMPLETED','','2020-03-17 16:58:43'),(140,4,'eventSummaryUploadStep',140,'2020-03-17 16:58:44','2020-03-17 16:58:44','COMPLETED',2,10,0,10,0,0,0,0,'COMPLETED','','2020-03-17 16:58:44'),(141,4,'eventSummaryUploadStep',141,'2020-03-17 16:58:44','2020-03-17 16:58:44','COMPLETED',2,10,0,10,0,0,0,0,'COMPLETED','','2020-03-17 16:58:44'),(142,4,'eventSummaryUploadStep',142,'2020-03-17 16:58:44','2020-03-17 16:58:44','COMPLETED',2,10,0,10,0,0,0,0,'COMPLETED','','2020-03-17 16:58:44'),(143,4,'eventSummaryUploadStep',143,'2020-03-17 16:58:45','2020-03-17 16:58:45','COMPLETED',2,10,0,10,0,0,0,0,'COMPLETED','','2020-03-17 16:58:45'),(144,4,'eventSummaryUploadStep',144,'2020-03-17 16:58:45','2020-03-17 16:58:45','COMPLETED',2,10,0,10,0,0,0,0,'COMPLETED','','2020-03-17 16:58:45'),(145,2,'eventSummaryUploadStep',145,'2020-03-17 16:58:53','2020-03-17 16:58:53','FAILED',0,0,0,0,0,0,0,0,'FAILED','java.lang.IllegalArgumentException: Unable to invoke method: [public void com.fms.event.batch.EventSummaryReader.beforeStep(org.springframework.batch.core.StepExecution) throws java.io.FileNotFoundException] on object: [com.fms.event.batch.EventSummaryReader@1dc6129c] with arguments: [[StepExecution: id=145, version=1, name=eventSummaryUploadStep, status=STARTED, exitStatus=EXECUTING, readCount=0, filterCount=0, writeCount=0 readSkipCount=0, writeSkipCount=0, processSkipCount=0, commitCount=0, rollbackCount=0, exitDescription=]]\r\n	at org.springframework.batch.support.SimpleMethodInvoker.invokeMethod(SimpleMethodInvoker.java:112)\r\n	at org.springframework.batch.core.listener.MethodInvokerMethodInterceptor.invoke(MethodInvokerMethodInterceptor.java:69)\r\n	at org.springframework.aop.framework.ReflectiveMethodInvocation.proceed(ReflectiveMethodInvocation.java:186)\r\n	at org.springframework.aop.framework.JdkDynamicAopProxy.invoke(JdkDynamicAopProxy.java:212)\r\n	at com.sun.proxy.$Proxy293.beforeStep(Unknown Source)\r\n	at org.springframework.batch.core.listener.CompositeStepExecutionListener.beforeStep(CompositeStepExecutionListener.java:79)\r\n	at org.springframework.batch.core.step.AbstractStep.execute(AbstractStep.java:204)\r\n	at org.springframework.batch.core.job.SimpleStepHandler.handleStep(SimpleStepHandler.java:148)\r\n	at org.springframework.batch.core.job.flow.JobFlowExecutor.executeStep(JobFlowExecutor.java:68)\r\n	at org.springframework.batch.core.job.flow.support.state.StepState.handle(StepState.java:68)\r\n	at org.springframework.batch.core.job.flow.support.SimpleFlow.resume(SimpleFlow.java:169)\r\n	at org.springframework.batch.core.job.flow.support.SimpleFlow.start(SimpleFlow.java:144)\r\n	at org.springframework.batch.core.job.flow.FlowJob.doExecute(FlowJob.java:137)\r\n	at org.springframework.batch.core.job.AbstractJob.execute(AbstractJob.java:319)\r\n	at org.springframework.batch.core.launch.support.SimpleJobLauncher$1.run(SimpleJobLauncher.java:147)\r\n	at org.springframework.core.task.SyncTaskExecutor.execute(SyncTaskExecutor.java:50)\r\n	at org.springframework.batch.core.launch.support.SimpleJobLauncher.run(SimpleJobLauncher.java:140)\r\n	at jdk.internal.reflect.GeneratedMethodAccessor257.invoke(Unknown Source)\r\n	at java.base/jdk.internal.reflect.DelegatingMethodAccessorImpl.invoke(DelegatingMethodAccessorImpl.java:43)\r\n	at java.base/java.lang.reflect.Method.invoke(Method.java:567)\r\n	at org.springframework.aop.support.AopUtils.invokeJoinpointUsingReflection(AopUtils.java:','2020-03-17 16:58:53'),(146,2,'eventSummaryUploadStep',146,'2020-03-17 16:58:53','2020-03-17 16:58:53','FAILED',0,0,0,0,0,0,0,0,'FAILED','java.lang.IllegalArgumentException: Unable to invoke method: [public void com.fms.event.batch.EventSummaryReader.beforeStep(org.springframework.batch.core.StepExecution) throws java.io.FileNotFoundException] on object: [com.fms.event.batch.EventSummaryReader@1dc6129c] with arguments: [[StepExecution: id=146, version=1, name=eventSummaryUploadStep, status=STARTED, exitStatus=EXECUTING, readCount=0, filterCount=0, writeCount=0 readSkipCount=0, writeSkipCount=0, processSkipCount=0, commitCount=0, rollbackCount=0, exitDescription=]]\r\n	at org.springframework.batch.support.SimpleMethodInvoker.invokeMethod(SimpleMethodInvoker.java:112)\r\n	at org.springframework.batch.core.listener.MethodInvokerMethodInterceptor.invoke(MethodInvokerMethodInterceptor.java:69)\r\n	at org.springframework.aop.framework.ReflectiveMethodInvocation.proceed(ReflectiveMethodInvocation.java:186)\r\n	at org.springframework.aop.framework.JdkDynamicAopProxy.invoke(JdkDynamicAopProxy.java:212)\r\n	at com.sun.proxy.$Proxy293.beforeStep(Unknown Source)\r\n	at org.springframework.batch.core.listener.CompositeStepExecutionListener.beforeStep(CompositeStepExecutionListener.java:79)\r\n	at org.springframework.batch.core.step.AbstractStep.execute(AbstractStep.java:204)\r\n	at org.springframework.batch.core.job.SimpleStepHandler.handleStep(SimpleStepHandler.java:148)\r\n	at org.springframework.batch.core.job.flow.JobFlowExecutor.executeStep(JobFlowExecutor.java:68)\r\n	at org.springframework.batch.core.job.flow.support.state.StepState.handle(StepState.java:68)\r\n	at org.springframework.batch.core.job.flow.support.SimpleFlow.resume(SimpleFlow.java:169)\r\n	at org.springframework.batch.core.job.flow.support.SimpleFlow.start(SimpleFlow.java:144)\r\n	at org.springframework.batch.core.job.flow.FlowJob.doExecute(FlowJob.java:137)\r\n	at org.springframework.batch.core.job.AbstractJob.execute(AbstractJob.java:319)\r\n	at org.springframework.batch.core.launch.support.SimpleJobLauncher$1.run(SimpleJobLauncher.java:147)\r\n	at org.springframework.core.task.SyncTaskExecutor.execute(SyncTaskExecutor.java:50)\r\n	at org.springframework.batch.core.launch.support.SimpleJobLauncher.run(SimpleJobLauncher.java:140)\r\n	at jdk.internal.reflect.GeneratedMethodAccessor257.invoke(Unknown Source)\r\n	at java.base/jdk.internal.reflect.DelegatingMethodAccessorImpl.invoke(DelegatingMethodAccessorImpl.java:43)\r\n	at java.base/java.lang.reflect.Method.invoke(Method.java:567)\r\n	at org.springframework.aop.support.AopUtils.invokeJoinpointUsingReflection(AopUtils.java:','2020-03-17 16:58:53'),(147,2,'eventSummaryUploadStep',147,'2020-03-17 16:59:06','2020-03-17 16:59:06','FAILED',0,0,0,0,0,0,0,0,'FAILED','java.lang.IllegalArgumentException: Unable to invoke method: [public void com.fms.event.batch.EventSummaryReader.beforeStep(org.springframework.batch.core.StepExecution) throws java.io.FileNotFoundException] on object: [com.fms.event.batch.EventSummaryReader@1dc6129c] with arguments: [[StepExecution: id=147, version=1, name=eventSummaryUploadStep, status=STARTED, exitStatus=EXECUTING, readCount=0, filterCount=0, writeCount=0 readSkipCount=0, writeSkipCount=0, processSkipCount=0, commitCount=0, rollbackCount=0, exitDescription=]]\r\n	at org.springframework.batch.support.SimpleMethodInvoker.invokeMethod(SimpleMethodInvoker.java:112)\r\n	at org.springframework.batch.core.listener.MethodInvokerMethodInterceptor.invoke(MethodInvokerMethodInterceptor.java:69)\r\n	at org.springframework.aop.framework.ReflectiveMethodInvocation.proceed(ReflectiveMethodInvocation.java:186)\r\n	at org.springframework.aop.framework.JdkDynamicAopProxy.invoke(JdkDynamicAopProxy.java:212)\r\n	at com.sun.proxy.$Proxy293.beforeStep(Unknown Source)\r\n	at org.springframework.batch.core.listener.CompositeStepExecutionListener.beforeStep(CompositeStepExecutionListener.java:79)\r\n	at org.springframework.batch.core.step.AbstractStep.execute(AbstractStep.java:204)\r\n	at org.springframework.batch.core.job.SimpleStepHandler.handleStep(SimpleStepHandler.java:148)\r\n	at org.springframework.batch.core.job.flow.JobFlowExecutor.executeStep(JobFlowExecutor.java:68)\r\n	at org.springframework.batch.core.job.flow.support.state.StepState.handle(StepState.java:68)\r\n	at org.springframework.batch.core.job.flow.support.SimpleFlow.resume(SimpleFlow.java:169)\r\n	at org.springframework.batch.core.job.flow.support.SimpleFlow.start(SimpleFlow.java:144)\r\n	at org.springframework.batch.core.job.flow.FlowJob.doExecute(FlowJob.java:137)\r\n	at org.springframework.batch.core.job.AbstractJob.execute(AbstractJob.java:319)\r\n	at org.springframework.batch.core.launch.support.SimpleJobLauncher$1.run(SimpleJobLauncher.java:147)\r\n	at org.springframework.core.task.SyncTaskExecutor.execute(SyncTaskExecutor.java:50)\r\n	at org.springframework.batch.core.launch.support.SimpleJobLauncher.run(SimpleJobLauncher.java:140)\r\n	at jdk.internal.reflect.GeneratedMethodAccessor257.invoke(Unknown Source)\r\n	at java.base/jdk.internal.reflect.DelegatingMethodAccessorImpl.invoke(DelegatingMethodAccessorImpl.java:43)\r\n	at java.base/java.lang.reflect.Method.invoke(Method.java:567)\r\n	at org.springframework.aop.support.AopUtils.invokeJoinpointUsingReflection(AopUtils.java:','2020-03-17 16:59:06'),(148,2,'eventSummaryUploadStep',148,'2020-03-17 16:59:06','2020-03-17 16:59:06','FAILED',0,0,0,0,0,0,0,0,'FAILED','java.lang.IllegalArgumentException: Unable to invoke method: [public void com.fms.event.batch.EventSummaryReader.beforeStep(org.springframework.batch.core.StepExecution) throws java.io.FileNotFoundException] on object: [com.fms.event.batch.EventSummaryReader@1dc6129c] with arguments: [[StepExecution: id=148, version=1, name=eventSummaryUploadStep, status=STARTED, exitStatus=EXECUTING, readCount=0, filterCount=0, writeCount=0 readSkipCount=0, writeSkipCount=0, processSkipCount=0, commitCount=0, rollbackCount=0, exitDescription=]]\r\n	at org.springframework.batch.support.SimpleMethodInvoker.invokeMethod(SimpleMethodInvoker.java:112)\r\n	at org.springframework.batch.core.listener.MethodInvokerMethodInterceptor.invoke(MethodInvokerMethodInterceptor.java:69)\r\n	at org.springframework.aop.framework.ReflectiveMethodInvocation.proceed(ReflectiveMethodInvocation.java:186)\r\n	at org.springframework.aop.framework.JdkDynamicAopProxy.invoke(JdkDynamicAopProxy.java:212)\r\n	at com.sun.proxy.$Proxy293.beforeStep(Unknown Source)\r\n	at org.springframework.batch.core.listener.CompositeStepExecutionListener.beforeStep(CompositeStepExecutionListener.java:79)\r\n	at org.springframework.batch.core.step.AbstractStep.execute(AbstractStep.java:204)\r\n	at org.springframework.batch.core.job.SimpleStepHandler.handleStep(SimpleStepHandler.java:148)\r\n	at org.springframework.batch.core.job.flow.JobFlowExecutor.executeStep(JobFlowExecutor.java:68)\r\n	at org.springframework.batch.core.job.flow.support.state.StepState.handle(StepState.java:68)\r\n	at org.springframework.batch.core.job.flow.support.SimpleFlow.resume(SimpleFlow.java:169)\r\n	at org.springframework.batch.core.job.flow.support.SimpleFlow.start(SimpleFlow.java:144)\r\n	at org.springframework.batch.core.job.flow.FlowJob.doExecute(FlowJob.java:137)\r\n	at org.springframework.batch.core.job.AbstractJob.execute(AbstractJob.java:319)\r\n	at org.springframework.batch.core.launch.support.SimpleJobLauncher$1.run(SimpleJobLauncher.java:147)\r\n	at org.springframework.core.task.SyncTaskExecutor.execute(SyncTaskExecutor.java:50)\r\n	at org.springframework.batch.core.launch.support.SimpleJobLauncher.run(SimpleJobLauncher.java:140)\r\n	at jdk.internal.reflect.GeneratedMethodAccessor257.invoke(Unknown Source)\r\n	at java.base/jdk.internal.reflect.DelegatingMethodAccessorImpl.invoke(DelegatingMethodAccessorImpl.java:43)\r\n	at java.base/java.lang.reflect.Method.invoke(Method.java:567)\r\n	at org.springframework.aop.support.AopUtils.invokeJoinpointUsingReflection(AopUtils.java:','2020-03-17 16:59:06'),(149,2,'eventSummaryUploadStep',149,'2020-03-17 16:59:06','2020-03-17 16:59:06','FAILED',0,0,0,0,0,0,0,0,'FAILED','java.lang.IllegalArgumentException: Unable to invoke method: [public void com.fms.event.batch.EventSummaryReader.beforeStep(org.springframework.batch.core.StepExecution) throws java.io.FileNotFoundException] on object: [com.fms.event.batch.EventSummaryReader@1dc6129c] with arguments: [[StepExecution: id=149, version=1, name=eventSummaryUploadStep, status=STARTED, exitStatus=EXECUTING, readCount=0, filterCount=0, writeCount=0 readSkipCount=0, writeSkipCount=0, processSkipCount=0, commitCount=0, rollbackCount=0, exitDescription=]]\r\n	at org.springframework.batch.support.SimpleMethodInvoker.invokeMethod(SimpleMethodInvoker.java:112)\r\n	at org.springframework.batch.core.listener.MethodInvokerMethodInterceptor.invoke(MethodInvokerMethodInterceptor.java:69)\r\n	at org.springframework.aop.framework.ReflectiveMethodInvocation.proceed(ReflectiveMethodInvocation.java:186)\r\n	at org.springframework.aop.framework.JdkDynamicAopProxy.invoke(JdkDynamicAopProxy.java:212)\r\n	at com.sun.proxy.$Proxy293.beforeStep(Unknown Source)\r\n	at org.springframework.batch.core.listener.CompositeStepExecutionListener.beforeStep(CompositeStepExecutionListener.java:79)\r\n	at org.springframework.batch.core.step.AbstractStep.execute(AbstractStep.java:204)\r\n	at org.springframework.batch.core.job.SimpleStepHandler.handleStep(SimpleStepHandler.java:148)\r\n	at org.springframework.batch.core.job.flow.JobFlowExecutor.executeStep(JobFlowExecutor.java:68)\r\n	at org.springframework.batch.core.job.flow.support.state.StepState.handle(StepState.java:68)\r\n	at org.springframework.batch.core.job.flow.support.SimpleFlow.resume(SimpleFlow.java:169)\r\n	at org.springframework.batch.core.job.flow.support.SimpleFlow.start(SimpleFlow.java:144)\r\n	at org.springframework.batch.core.job.flow.FlowJob.doExecute(FlowJob.java:137)\r\n	at org.springframework.batch.core.job.AbstractJob.execute(AbstractJob.java:319)\r\n	at org.springframework.batch.core.launch.support.SimpleJobLauncher$1.run(SimpleJobLauncher.java:147)\r\n	at org.springframework.core.task.SyncTaskExecutor.execute(SyncTaskExecutor.java:50)\r\n	at org.springframework.batch.core.launch.support.SimpleJobLauncher.run(SimpleJobLauncher.java:140)\r\n	at jdk.internal.reflect.GeneratedMethodAccessor257.invoke(Unknown Source)\r\n	at java.base/jdk.internal.reflect.DelegatingMethodAccessorImpl.invoke(DelegatingMethodAccessorImpl.java:43)\r\n	at java.base/java.lang.reflect.Method.invoke(Method.java:567)\r\n	at org.springframework.aop.support.AopUtils.invokeJoinpointUsingReflection(AopUtils.java:','2020-03-17 16:59:06'),(150,4,'eventSummaryUploadStep',150,'2020-03-17 16:59:06','2020-03-17 16:59:11','COMPLETED',2,11,0,11,0,0,0,0,'COMPLETED','','2020-03-17 16:59:11'),(151,4,'eventSummaryUploadStep',151,'2020-03-17 16:59:12','2020-03-17 16:59:12','COMPLETED',2,11,0,11,0,0,0,0,'COMPLETED','','2020-03-17 16:59:12'),(152,4,'eventSummaryUploadStep',152,'2020-03-17 17:38:22','2020-03-17 17:38:23','COMPLETED',2,10,0,10,0,0,0,0,'COMPLETED','','2020-03-17 17:38:23'),(153,4,'eventSummaryUploadStep',153,'2020-03-17 17:38:23','2020-03-17 17:38:23','COMPLETED',2,10,0,10,0,0,0,0,'COMPLETED','','2020-03-17 17:38:23'),(154,2,'eventSummaryUploadStep',154,'2020-03-17 17:38:51','2020-03-17 17:38:51','FAILED',0,0,0,0,0,0,0,0,'FAILED','java.lang.IllegalArgumentException: Unable to invoke method: [public void com.fms.event.batch.EventSummaryReader.beforeStep(org.springframework.batch.core.StepExecution) throws java.io.FileNotFoundException] on object: [com.fms.event.batch.EventSummaryReader@1d828d94] with arguments: [[StepExecution: id=154, version=1, name=eventSummaryUploadStep, status=STARTED, exitStatus=EXECUTING, readCount=0, filterCount=0, writeCount=0 readSkipCount=0, writeSkipCount=0, processSkipCount=0, commitCount=0, rollbackCount=0, exitDescription=]]\r\n	at org.springframework.batch.support.SimpleMethodInvoker.invokeMethod(SimpleMethodInvoker.java:112)\r\n	at org.springframework.batch.core.listener.MethodInvokerMethodInterceptor.invoke(MethodInvokerMethodInterceptor.java:69)\r\n	at org.springframework.aop.framework.ReflectiveMethodInvocation.proceed(ReflectiveMethodInvocation.java:186)\r\n	at org.springframework.aop.framework.JdkDynamicAopProxy.invoke(JdkDynamicAopProxy.java:212)\r\n	at com.sun.proxy.$Proxy179.beforeStep(Unknown Source)\r\n	at org.springframework.batch.core.listener.CompositeStepExecutionListener.beforeStep(CompositeStepExecutionListener.java:79)\r\n	at org.springframework.batch.core.step.AbstractStep.execute(AbstractStep.java:204)\r\n	at org.springframework.batch.core.job.SimpleStepHandler.handleStep(SimpleStepHandler.java:148)\r\n	at org.springframework.batch.core.job.flow.JobFlowExecutor.executeStep(JobFlowExecutor.java:68)\r\n	at org.springframework.batch.core.job.flow.support.state.StepState.handle(StepState.java:68)\r\n	at org.springframework.batch.core.job.flow.support.SimpleFlow.resume(SimpleFlow.java:169)\r\n	at org.springframework.batch.core.job.flow.support.SimpleFlow.start(SimpleFlow.java:144)\r\n	at org.springframework.batch.core.job.flow.FlowJob.doExecute(FlowJob.java:137)\r\n	at org.springframework.batch.core.job.AbstractJob.execute(AbstractJob.java:319)\r\n	at org.springframework.batch.core.launch.support.SimpleJobLauncher$1.run(SimpleJobLauncher.java:147)\r\n	at org.springframework.core.task.SyncTaskExecutor.execute(SyncTaskExecutor.java:50)\r\n	at org.springframework.batch.core.launch.support.SimpleJobLauncher.run(SimpleJobLauncher.java:140)\r\n	at java.base/jdk.internal.reflect.NativeMethodAccessorImpl.invoke0(Native Method)\r\n	at java.base/jdk.internal.reflect.NativeMethodAccessorImpl.invoke(NativeMethodAccessorImpl.java:62)\r\n	at java.base/jdk.internal.reflect.DelegatingMethodAccessorImpl.invoke(DelegatingMethodAccessorImpl.java:43)\r\n	at java.base/java.lang.reflect.Method.invok','2020-03-17 17:38:51'),(155,2,'eventSummaryUploadStep',155,'2020-03-17 17:38:51','2020-03-17 17:38:51','FAILED',0,0,0,0,0,0,0,0,'FAILED','java.lang.IllegalArgumentException: Unable to invoke method: [public void com.fms.event.batch.EventSummaryReader.beforeStep(org.springframework.batch.core.StepExecution) throws java.io.FileNotFoundException] on object: [com.fms.event.batch.EventSummaryReader@1d828d94] with arguments: [[StepExecution: id=155, version=1, name=eventSummaryUploadStep, status=STARTED, exitStatus=EXECUTING, readCount=0, filterCount=0, writeCount=0 readSkipCount=0, writeSkipCount=0, processSkipCount=0, commitCount=0, rollbackCount=0, exitDescription=]]\r\n	at org.springframework.batch.support.SimpleMethodInvoker.invokeMethod(SimpleMethodInvoker.java:112)\r\n	at org.springframework.batch.core.listener.MethodInvokerMethodInterceptor.invoke(MethodInvokerMethodInterceptor.java:69)\r\n	at org.springframework.aop.framework.ReflectiveMethodInvocation.proceed(ReflectiveMethodInvocation.java:186)\r\n	at org.springframework.aop.framework.JdkDynamicAopProxy.invoke(JdkDynamicAopProxy.java:212)\r\n	at com.sun.proxy.$Proxy179.beforeStep(Unknown Source)\r\n	at org.springframework.batch.core.listener.CompositeStepExecutionListener.beforeStep(CompositeStepExecutionListener.java:79)\r\n	at org.springframework.batch.core.step.AbstractStep.execute(AbstractStep.java:204)\r\n	at org.springframework.batch.core.job.SimpleStepHandler.handleStep(SimpleStepHandler.java:148)\r\n	at org.springframework.batch.core.job.flow.JobFlowExecutor.executeStep(JobFlowExecutor.java:68)\r\n	at org.springframework.batch.core.job.flow.support.state.StepState.handle(StepState.java:68)\r\n	at org.springframework.batch.core.job.flow.support.SimpleFlow.resume(SimpleFlow.java:169)\r\n	at org.springframework.batch.core.job.flow.support.SimpleFlow.start(SimpleFlow.java:144)\r\n	at org.springframework.batch.core.job.flow.FlowJob.doExecute(FlowJob.java:137)\r\n	at org.springframework.batch.core.job.AbstractJob.execute(AbstractJob.java:319)\r\n	at org.springframework.batch.core.launch.support.SimpleJobLauncher$1.run(SimpleJobLauncher.java:147)\r\n	at org.springframework.core.task.SyncTaskExecutor.execute(SyncTaskExecutor.java:50)\r\n	at org.springframework.batch.core.launch.support.SimpleJobLauncher.run(SimpleJobLauncher.java:140)\r\n	at java.base/jdk.internal.reflect.NativeMethodAccessorImpl.invoke0(Native Method)\r\n	at java.base/jdk.internal.reflect.NativeMethodAccessorImpl.invoke(NativeMethodAccessorImpl.java:62)\r\n	at java.base/jdk.internal.reflect.DelegatingMethodAccessorImpl.invoke(DelegatingMethodAccessorImpl.java:43)\r\n	at java.base/java.lang.reflect.Method.invok','2020-03-17 17:38:51'),(156,2,'eventSummaryUploadStep',156,'2020-03-17 17:40:06','2020-03-17 17:40:06','FAILED',0,0,0,0,0,0,0,0,'FAILED','java.lang.IllegalArgumentException: Unable to invoke method: [public void com.fms.event.batch.EventSummaryReader.beforeStep(org.springframework.batch.core.StepExecution) throws java.io.FileNotFoundException] on object: [com.fms.event.batch.EventSummaryReader@1d828d94] with arguments: [[StepExecution: id=156, version=1, name=eventSummaryUploadStep, status=STARTED, exitStatus=EXECUTING, readCount=0, filterCount=0, writeCount=0 readSkipCount=0, writeSkipCount=0, processSkipCount=0, commitCount=0, rollbackCount=0, exitDescription=]]\r\n	at org.springframework.batch.support.SimpleMethodInvoker.invokeMethod(SimpleMethodInvoker.java:112)\r\n	at org.springframework.batch.core.listener.MethodInvokerMethodInterceptor.invoke(MethodInvokerMethodInterceptor.java:69)\r\n	at org.springframework.aop.framework.ReflectiveMethodInvocation.proceed(ReflectiveMethodInvocation.java:186)\r\n	at org.springframework.aop.framework.JdkDynamicAopProxy.invoke(JdkDynamicAopProxy.java:212)\r\n	at com.sun.proxy.$Proxy179.beforeStep(Unknown Source)\r\n	at org.springframework.batch.core.listener.CompositeStepExecutionListener.beforeStep(CompositeStepExecutionListener.java:79)\r\n	at org.springframework.batch.core.step.AbstractStep.execute(AbstractStep.java:204)\r\n	at org.springframework.batch.core.job.SimpleStepHandler.handleStep(SimpleStepHandler.java:148)\r\n	at org.springframework.batch.core.job.flow.JobFlowExecutor.executeStep(JobFlowExecutor.java:68)\r\n	at org.springframework.batch.core.job.flow.support.state.StepState.handle(StepState.java:68)\r\n	at org.springframework.batch.core.job.flow.support.SimpleFlow.resume(SimpleFlow.java:169)\r\n	at org.springframework.batch.core.job.flow.support.SimpleFlow.start(SimpleFlow.java:144)\r\n	at org.springframework.batch.core.job.flow.FlowJob.doExecute(FlowJob.java:137)\r\n	at org.springframework.batch.core.job.AbstractJob.execute(AbstractJob.java:319)\r\n	at org.springframework.batch.core.launch.support.SimpleJobLauncher$1.run(SimpleJobLauncher.java:147)\r\n	at org.springframework.core.task.SyncTaskExecutor.execute(SyncTaskExecutor.java:50)\r\n	at org.springframework.batch.core.launch.support.SimpleJobLauncher.run(SimpleJobLauncher.java:140)\r\n	at java.base/jdk.internal.reflect.NativeMethodAccessorImpl.invoke0(Native Method)\r\n	at java.base/jdk.internal.reflect.NativeMethodAccessorImpl.invoke(NativeMethodAccessorImpl.java:62)\r\n	at java.base/jdk.internal.reflect.DelegatingMethodAccessorImpl.invoke(DelegatingMethodAccessorImpl.java:43)\r\n	at java.base/java.lang.reflect.Method.invok','2020-03-17 17:40:06'),(157,2,'eventSummaryUploadStep',157,'2020-03-17 17:40:06','2020-03-17 17:40:06','FAILED',0,0,0,0,0,0,0,0,'FAILED','java.lang.IllegalArgumentException: Unable to invoke method: [public void com.fms.event.batch.EventSummaryReader.beforeStep(org.springframework.batch.core.StepExecution) throws java.io.FileNotFoundException] on object: [com.fms.event.batch.EventSummaryReader@1d828d94] with arguments: [[StepExecution: id=157, version=1, name=eventSummaryUploadStep, status=STARTED, exitStatus=EXECUTING, readCount=0, filterCount=0, writeCount=0 readSkipCount=0, writeSkipCount=0, processSkipCount=0, commitCount=0, rollbackCount=0, exitDescription=]]\r\n	at org.springframework.batch.support.SimpleMethodInvoker.invokeMethod(SimpleMethodInvoker.java:112)\r\n	at org.springframework.batch.core.listener.MethodInvokerMethodInterceptor.invoke(MethodInvokerMethodInterceptor.java:69)\r\n	at org.springframework.aop.framework.ReflectiveMethodInvocation.proceed(ReflectiveMethodInvocation.java:186)\r\n	at org.springframework.aop.framework.JdkDynamicAopProxy.invoke(JdkDynamicAopProxy.java:212)\r\n	at com.sun.proxy.$Proxy179.beforeStep(Unknown Source)\r\n	at org.springframework.batch.core.listener.CompositeStepExecutionListener.beforeStep(CompositeStepExecutionListener.java:79)\r\n	at org.springframework.batch.core.step.AbstractStep.execute(AbstractStep.java:204)\r\n	at org.springframework.batch.core.job.SimpleStepHandler.handleStep(SimpleStepHandler.java:148)\r\n	at org.springframework.batch.core.job.flow.JobFlowExecutor.executeStep(JobFlowExecutor.java:68)\r\n	at org.springframework.batch.core.job.flow.support.state.StepState.handle(StepState.java:68)\r\n	at org.springframework.batch.core.job.flow.support.SimpleFlow.resume(SimpleFlow.java:169)\r\n	at org.springframework.batch.core.job.flow.support.SimpleFlow.start(SimpleFlow.java:144)\r\n	at org.springframework.batch.core.job.flow.FlowJob.doExecute(FlowJob.java:137)\r\n	at org.springframework.batch.core.job.AbstractJob.execute(AbstractJob.java:319)\r\n	at org.springframework.batch.core.launch.support.SimpleJobLauncher$1.run(SimpleJobLauncher.java:147)\r\n	at org.springframework.core.task.SyncTaskExecutor.execute(SyncTaskExecutor.java:50)\r\n	at org.springframework.batch.core.launch.support.SimpleJobLauncher.run(SimpleJobLauncher.java:140)\r\n	at java.base/jdk.internal.reflect.NativeMethodAccessorImpl.invoke0(Native Method)\r\n	at java.base/jdk.internal.reflect.NativeMethodAccessorImpl.invoke(NativeMethodAccessorImpl.java:62)\r\n	at java.base/jdk.internal.reflect.DelegatingMethodAccessorImpl.invoke(DelegatingMethodAccessorImpl.java:43)\r\n	at java.base/java.lang.reflect.Method.invok','2020-03-17 17:40:06'),(158,2,'eventSummaryUploadStep',158,'2020-03-17 17:40:06','2020-03-17 17:40:06','FAILED',0,0,0,0,0,0,0,0,'FAILED','java.lang.IllegalArgumentException: Unable to invoke method: [public void com.fms.event.batch.EventSummaryReader.beforeStep(org.springframework.batch.core.StepExecution) throws java.io.FileNotFoundException] on object: [com.fms.event.batch.EventSummaryReader@1d828d94] with arguments: [[StepExecution: id=158, version=1, name=eventSummaryUploadStep, status=STARTED, exitStatus=EXECUTING, readCount=0, filterCount=0, writeCount=0 readSkipCount=0, writeSkipCount=0, processSkipCount=0, commitCount=0, rollbackCount=0, exitDescription=]]\r\n	at org.springframework.batch.support.SimpleMethodInvoker.invokeMethod(SimpleMethodInvoker.java:112)\r\n	at org.springframework.batch.core.listener.MethodInvokerMethodInterceptor.invoke(MethodInvokerMethodInterceptor.java:69)\r\n	at org.springframework.aop.framework.ReflectiveMethodInvocation.proceed(ReflectiveMethodInvocation.java:186)\r\n	at org.springframework.aop.framework.JdkDynamicAopProxy.invoke(JdkDynamicAopProxy.java:212)\r\n	at com.sun.proxy.$Proxy179.beforeStep(Unknown Source)\r\n	at org.springframework.batch.core.listener.CompositeStepExecutionListener.beforeStep(CompositeStepExecutionListener.java:79)\r\n	at org.springframework.batch.core.step.AbstractStep.execute(AbstractStep.java:204)\r\n	at org.springframework.batch.core.job.SimpleStepHandler.handleStep(SimpleStepHandler.java:148)\r\n	at org.springframework.batch.core.job.flow.JobFlowExecutor.executeStep(JobFlowExecutor.java:68)\r\n	at org.springframework.batch.core.job.flow.support.state.StepState.handle(StepState.java:68)\r\n	at org.springframework.batch.core.job.flow.support.SimpleFlow.resume(SimpleFlow.java:169)\r\n	at org.springframework.batch.core.job.flow.support.SimpleFlow.start(SimpleFlow.java:144)\r\n	at org.springframework.batch.core.job.flow.FlowJob.doExecute(FlowJob.java:137)\r\n	at org.springframework.batch.core.job.AbstractJob.execute(AbstractJob.java:319)\r\n	at org.springframework.batch.core.launch.support.SimpleJobLauncher$1.run(SimpleJobLauncher.java:147)\r\n	at org.springframework.core.task.SyncTaskExecutor.execute(SyncTaskExecutor.java:50)\r\n	at org.springframework.batch.core.launch.support.SimpleJobLauncher.run(SimpleJobLauncher.java:140)\r\n	at java.base/jdk.internal.reflect.NativeMethodAccessorImpl.invoke0(Native Method)\r\n	at java.base/jdk.internal.reflect.NativeMethodAccessorImpl.invoke(NativeMethodAccessorImpl.java:62)\r\n	at java.base/jdk.internal.reflect.DelegatingMethodAccessorImpl.invoke(DelegatingMethodAccessorImpl.java:43)\r\n	at java.base/java.lang.reflect.Method.invok','2020-03-17 17:40:06'),(159,4,'eventSummaryUploadStep',159,'2020-03-17 17:40:06','2020-03-17 17:40:07','COMPLETED',2,11,0,11,0,0,0,0,'COMPLETED','','2020-03-17 17:40:07'),(160,4,'eventSummaryUploadStep',160,'2020-03-17 17:40:07','2020-03-17 17:40:07','COMPLETED',2,11,0,11,0,0,0,0,'COMPLETED','','2020-03-17 17:40:07'),(161,2,'eventSummaryUploadStep',161,'2020-03-17 18:26:30','2020-03-17 18:26:30','FAILED',0,0,0,0,0,0,0,0,'FAILED','java.lang.IllegalArgumentException: Unable to invoke method: [public void com.fms.event.batch.EventSummaryReader.beforeStep(org.springframework.batch.core.StepExecution) throws java.io.FileNotFoundException] on object: [com.fms.event.batch.EventSummaryReader@215dd0cc] with arguments: [[StepExecution: id=161, version=1, name=eventSummaryUploadStep, status=STARTED, exitStatus=EXECUTING, readCount=0, filterCount=0, writeCount=0 readSkipCount=0, writeSkipCount=0, processSkipCount=0, commitCount=0, rollbackCount=0, exitDescription=]]\r\n	at org.springframework.batch.support.SimpleMethodInvoker.invokeMethod(SimpleMethodInvoker.java:112)\r\n	at org.springframework.batch.core.listener.MethodInvokerMethodInterceptor.invoke(MethodInvokerMethodInterceptor.java:69)\r\n	at org.springframework.aop.framework.ReflectiveMethodInvocation.proceed(ReflectiveMethodInvocation.java:186)\r\n	at org.springframework.aop.framework.JdkDynamicAopProxy.invoke(JdkDynamicAopProxy.java:212)\r\n	at com.sun.proxy.$Proxy179.beforeStep(Unknown Source)\r\n	at org.springframework.batch.core.listener.CompositeStepExecutionListener.beforeStep(CompositeStepExecutionListener.java:79)\r\n	at org.springframework.batch.core.step.AbstractStep.execute(AbstractStep.java:204)\r\n	at org.springframework.batch.core.job.SimpleStepHandler.handleStep(SimpleStepHandler.java:148)\r\n	at org.springframework.batch.core.job.flow.JobFlowExecutor.executeStep(JobFlowExecutor.java:68)\r\n	at org.springframework.batch.core.job.flow.support.state.StepState.handle(StepState.java:68)\r\n	at org.springframework.batch.core.job.flow.support.SimpleFlow.resume(SimpleFlow.java:169)\r\n	at org.springframework.batch.core.job.flow.support.SimpleFlow.start(SimpleFlow.java:144)\r\n	at org.springframework.batch.core.job.flow.FlowJob.doExecute(FlowJob.java:137)\r\n	at org.springframework.batch.core.job.AbstractJob.execute(AbstractJob.java:319)\r\n	at org.springframework.batch.core.launch.support.SimpleJobLauncher$1.run(SimpleJobLauncher.java:147)\r\n	at org.springframework.core.task.SyncTaskExecutor.execute(SyncTaskExecutor.java:50)\r\n	at org.springframework.batch.core.launch.support.SimpleJobLauncher.run(SimpleJobLauncher.java:140)\r\n	at java.base/jdk.internal.reflect.NativeMethodAccessorImpl.invoke0(Native Method)\r\n	at java.base/jdk.internal.reflect.NativeMethodAccessorImpl.invoke(NativeMethodAccessorImpl.java:62)\r\n	at java.base/jdk.internal.reflect.DelegatingMethodAccessorImpl.invoke(DelegatingMethodAccessorImpl.java:43)\r\n	at java.base/java.lang.reflect.Method.invok','2020-03-17 18:26:30'),(162,2,'eventSummaryUploadStep',162,'2020-03-17 18:26:30','2020-03-17 18:26:30','FAILED',0,0,0,0,0,0,0,0,'FAILED','java.lang.IllegalArgumentException: Unable to invoke method: [public void com.fms.event.batch.EventSummaryReader.beforeStep(org.springframework.batch.core.StepExecution) throws java.io.FileNotFoundException] on object: [com.fms.event.batch.EventSummaryReader@215dd0cc] with arguments: [[StepExecution: id=162, version=1, name=eventSummaryUploadStep, status=STARTED, exitStatus=EXECUTING, readCount=0, filterCount=0, writeCount=0 readSkipCount=0, writeSkipCount=0, processSkipCount=0, commitCount=0, rollbackCount=0, exitDescription=]]\r\n	at org.springframework.batch.support.SimpleMethodInvoker.invokeMethod(SimpleMethodInvoker.java:112)\r\n	at org.springframework.batch.core.listener.MethodInvokerMethodInterceptor.invoke(MethodInvokerMethodInterceptor.java:69)\r\n	at org.springframework.aop.framework.ReflectiveMethodInvocation.proceed(ReflectiveMethodInvocation.java:186)\r\n	at org.springframework.aop.framework.JdkDynamicAopProxy.invoke(JdkDynamicAopProxy.java:212)\r\n	at com.sun.proxy.$Proxy179.beforeStep(Unknown Source)\r\n	at org.springframework.batch.core.listener.CompositeStepExecutionListener.beforeStep(CompositeStepExecutionListener.java:79)\r\n	at org.springframework.batch.core.step.AbstractStep.execute(AbstractStep.java:204)\r\n	at org.springframework.batch.core.job.SimpleStepHandler.handleStep(SimpleStepHandler.java:148)\r\n	at org.springframework.batch.core.job.flow.JobFlowExecutor.executeStep(JobFlowExecutor.java:68)\r\n	at org.springframework.batch.core.job.flow.support.state.StepState.handle(StepState.java:68)\r\n	at org.springframework.batch.core.job.flow.support.SimpleFlow.resume(SimpleFlow.java:169)\r\n	at org.springframework.batch.core.job.flow.support.SimpleFlow.start(SimpleFlow.java:144)\r\n	at org.springframework.batch.core.job.flow.FlowJob.doExecute(FlowJob.java:137)\r\n	at org.springframework.batch.core.job.AbstractJob.execute(AbstractJob.java:319)\r\n	at org.springframework.batch.core.launch.support.SimpleJobLauncher$1.run(SimpleJobLauncher.java:147)\r\n	at org.springframework.core.task.SyncTaskExecutor.execute(SyncTaskExecutor.java:50)\r\n	at org.springframework.batch.core.launch.support.SimpleJobLauncher.run(SimpleJobLauncher.java:140)\r\n	at java.base/jdk.internal.reflect.NativeMethodAccessorImpl.invoke0(Native Method)\r\n	at java.base/jdk.internal.reflect.NativeMethodAccessorImpl.invoke(NativeMethodAccessorImpl.java:62)\r\n	at java.base/jdk.internal.reflect.DelegatingMethodAccessorImpl.invoke(DelegatingMethodAccessorImpl.java:43)\r\n	at java.base/java.lang.reflect.Method.invok','2020-03-17 18:26:30'),(163,2,'eventSummaryUploadStep',163,'2020-03-17 18:26:30','2020-03-17 18:26:30','FAILED',0,0,0,0,0,0,0,0,'FAILED','java.lang.IllegalArgumentException: Unable to invoke method: [public void com.fms.event.batch.EventSummaryReader.beforeStep(org.springframework.batch.core.StepExecution) throws java.io.FileNotFoundException] on object: [com.fms.event.batch.EventSummaryReader@215dd0cc] with arguments: [[StepExecution: id=163, version=1, name=eventSummaryUploadStep, status=STARTED, exitStatus=EXECUTING, readCount=0, filterCount=0, writeCount=0 readSkipCount=0, writeSkipCount=0, processSkipCount=0, commitCount=0, rollbackCount=0, exitDescription=]]\r\n	at org.springframework.batch.support.SimpleMethodInvoker.invokeMethod(SimpleMethodInvoker.java:112)\r\n	at org.springframework.batch.core.listener.MethodInvokerMethodInterceptor.invoke(MethodInvokerMethodInterceptor.java:69)\r\n	at org.springframework.aop.framework.ReflectiveMethodInvocation.proceed(ReflectiveMethodInvocation.java:186)\r\n	at org.springframework.aop.framework.JdkDynamicAopProxy.invoke(JdkDynamicAopProxy.java:212)\r\n	at com.sun.proxy.$Proxy179.beforeStep(Unknown Source)\r\n	at org.springframework.batch.core.listener.CompositeStepExecutionListener.beforeStep(CompositeStepExecutionListener.java:79)\r\n	at org.springframework.batch.core.step.AbstractStep.execute(AbstractStep.java:204)\r\n	at org.springframework.batch.core.job.SimpleStepHandler.handleStep(SimpleStepHandler.java:148)\r\n	at org.springframework.batch.core.job.flow.JobFlowExecutor.executeStep(JobFlowExecutor.java:68)\r\n	at org.springframework.batch.core.job.flow.support.state.StepState.handle(StepState.java:68)\r\n	at org.springframework.batch.core.job.flow.support.SimpleFlow.resume(SimpleFlow.java:169)\r\n	at org.springframework.batch.core.job.flow.support.SimpleFlow.start(SimpleFlow.java:144)\r\n	at org.springframework.batch.core.job.flow.FlowJob.doExecute(FlowJob.java:137)\r\n	at org.springframework.batch.core.job.AbstractJob.execute(AbstractJob.java:319)\r\n	at org.springframework.batch.core.launch.support.SimpleJobLauncher$1.run(SimpleJobLauncher.java:147)\r\n	at org.springframework.core.task.SyncTaskExecutor.execute(SyncTaskExecutor.java:50)\r\n	at org.springframework.batch.core.launch.support.SimpleJobLauncher.run(SimpleJobLauncher.java:140)\r\n	at java.base/jdk.internal.reflect.NativeMethodAccessorImpl.invoke0(Native Method)\r\n	at java.base/jdk.internal.reflect.NativeMethodAccessorImpl.invoke(NativeMethodAccessorImpl.java:62)\r\n	at java.base/jdk.internal.reflect.DelegatingMethodAccessorImpl.invoke(DelegatingMethodAccessorImpl.java:43)\r\n	at java.base/java.lang.reflect.Method.invok','2020-03-17 18:26:30'),(164,4,'eventSummaryUploadStep',164,'2020-03-17 18:26:30','2020-03-17 18:29:38','COMPLETED',2,11,0,11,0,0,0,0,'COMPLETED','','2020-03-17 18:29:38'),(165,4,'eventSummaryUploadStep',165,'2020-03-17 18:29:38','2020-03-17 18:29:38','COMPLETED',2,11,0,11,0,0,0,0,'COMPLETED','','2020-03-17 18:29:38'),(166,2,'eventSummaryUploadStep',166,'2020-03-17 18:29:53','2020-03-17 18:29:53','FAILED',0,0,0,0,0,0,0,0,'FAILED','java.lang.IllegalArgumentException: Unable to invoke method: [public void com.fms.event.batch.EventSummaryReader.beforeStep(org.springframework.batch.core.StepExecution) throws java.io.FileNotFoundException] on object: [com.fms.event.batch.EventSummaryReader@215dd0cc] with arguments: [[StepExecution: id=166, version=1, name=eventSummaryUploadStep, status=STARTED, exitStatus=EXECUTING, readCount=0, filterCount=0, writeCount=0 readSkipCount=0, writeSkipCount=0, processSkipCount=0, commitCount=0, rollbackCount=0, exitDescription=]]\r\n	at org.springframework.batch.support.SimpleMethodInvoker.invokeMethod(SimpleMethodInvoker.java:112)\r\n	at org.springframework.batch.core.listener.MethodInvokerMethodInterceptor.invoke(MethodInvokerMethodInterceptor.java:69)\r\n	at org.springframework.aop.framework.ReflectiveMethodInvocation.proceed(ReflectiveMethodInvocation.java:186)\r\n	at org.springframework.aop.framework.JdkDynamicAopProxy.invoke(JdkDynamicAopProxy.java:212)\r\n	at com.sun.proxy.$Proxy179.beforeStep(Unknown Source)\r\n	at org.springframework.batch.core.listener.CompositeStepExecutionListener.beforeStep(CompositeStepExecutionListener.java:79)\r\n	at org.springframework.batch.core.step.AbstractStep.execute(AbstractStep.java:204)\r\n	at org.springframework.batch.core.job.SimpleStepHandler.handleStep(SimpleStepHandler.java:148)\r\n	at org.springframework.batch.core.job.flow.JobFlowExecutor.executeStep(JobFlowExecutor.java:68)\r\n	at org.springframework.batch.core.job.flow.support.state.StepState.handle(StepState.java:68)\r\n	at org.springframework.batch.core.job.flow.support.SimpleFlow.resume(SimpleFlow.java:169)\r\n	at org.springframework.batch.core.job.flow.support.SimpleFlow.start(SimpleFlow.java:144)\r\n	at org.springframework.batch.core.job.flow.FlowJob.doExecute(FlowJob.java:137)\r\n	at org.springframework.batch.core.job.AbstractJob.execute(AbstractJob.java:319)\r\n	at org.springframework.batch.core.launch.support.SimpleJobLauncher$1.run(SimpleJobLauncher.java:147)\r\n	at org.springframework.core.task.SyncTaskExecutor.execute(SyncTaskExecutor.java:50)\r\n	at org.springframework.batch.core.launch.support.SimpleJobLauncher.run(SimpleJobLauncher.java:140)\r\n	at java.base/jdk.internal.reflect.NativeMethodAccessorImpl.invoke0(Native Method)\r\n	at java.base/jdk.internal.reflect.NativeMethodAccessorImpl.invoke(NativeMethodAccessorImpl.java:62)\r\n	at java.base/jdk.internal.reflect.DelegatingMethodAccessorImpl.invoke(DelegatingMethodAccessorImpl.java:43)\r\n	at java.base/java.lang.reflect.Method.invok','2020-03-17 18:29:53'),(167,2,'eventSummaryUploadStep',167,'2020-03-17 18:29:53','2020-03-17 18:29:53','FAILED',0,0,0,0,0,0,0,0,'FAILED','java.lang.IllegalArgumentException: Unable to invoke method: [public void com.fms.event.batch.EventSummaryReader.beforeStep(org.springframework.batch.core.StepExecution) throws java.io.FileNotFoundException] on object: [com.fms.event.batch.EventSummaryReader@215dd0cc] with arguments: [[StepExecution: id=167, version=1, name=eventSummaryUploadStep, status=STARTED, exitStatus=EXECUTING, readCount=0, filterCount=0, writeCount=0 readSkipCount=0, writeSkipCount=0, processSkipCount=0, commitCount=0, rollbackCount=0, exitDescription=]]\r\n	at org.springframework.batch.support.SimpleMethodInvoker.invokeMethod(SimpleMethodInvoker.java:112)\r\n	at org.springframework.batch.core.listener.MethodInvokerMethodInterceptor.invoke(MethodInvokerMethodInterceptor.java:69)\r\n	at org.springframework.aop.framework.ReflectiveMethodInvocation.proceed(ReflectiveMethodInvocation.java:186)\r\n	at org.springframework.aop.framework.JdkDynamicAopProxy.invoke(JdkDynamicAopProxy.java:212)\r\n	at com.sun.proxy.$Proxy179.beforeStep(Unknown Source)\r\n	at org.springframework.batch.core.listener.CompositeStepExecutionListener.beforeStep(CompositeStepExecutionListener.java:79)\r\n	at org.springframework.batch.core.step.AbstractStep.execute(AbstractStep.java:204)\r\n	at org.springframework.batch.core.job.SimpleStepHandler.handleStep(SimpleStepHandler.java:148)\r\n	at org.springframework.batch.core.job.flow.JobFlowExecutor.executeStep(JobFlowExecutor.java:68)\r\n	at org.springframework.batch.core.job.flow.support.state.StepState.handle(StepState.java:68)\r\n	at org.springframework.batch.core.job.flow.support.SimpleFlow.resume(SimpleFlow.java:169)\r\n	at org.springframework.batch.core.job.flow.support.SimpleFlow.start(SimpleFlow.java:144)\r\n	at org.springframework.batch.core.job.flow.FlowJob.doExecute(FlowJob.java:137)\r\n	at org.springframework.batch.core.job.AbstractJob.execute(AbstractJob.java:319)\r\n	at org.springframework.batch.core.launch.support.SimpleJobLauncher$1.run(SimpleJobLauncher.java:147)\r\n	at org.springframework.core.task.SyncTaskExecutor.execute(SyncTaskExecutor.java:50)\r\n	at org.springframework.batch.core.launch.support.SimpleJobLauncher.run(SimpleJobLauncher.java:140)\r\n	at java.base/jdk.internal.reflect.NativeMethodAccessorImpl.invoke0(Native Method)\r\n	at java.base/jdk.internal.reflect.NativeMethodAccessorImpl.invoke(NativeMethodAccessorImpl.java:62)\r\n	at java.base/jdk.internal.reflect.DelegatingMethodAccessorImpl.invoke(DelegatingMethodAccessorImpl.java:43)\r\n	at java.base/java.lang.reflect.Method.invok','2020-03-17 18:29:53'),(168,2,'eventSummaryUploadStep',168,'2020-03-17 18:29:53','2020-03-17 18:29:53','FAILED',0,0,0,0,0,0,0,0,'FAILED','java.lang.IllegalArgumentException: Unable to invoke method: [public void com.fms.event.batch.EventSummaryReader.beforeStep(org.springframework.batch.core.StepExecution) throws java.io.FileNotFoundException] on object: [com.fms.event.batch.EventSummaryReader@215dd0cc] with arguments: [[StepExecution: id=168, version=1, name=eventSummaryUploadStep, status=STARTED, exitStatus=EXECUTING, readCount=0, filterCount=0, writeCount=0 readSkipCount=0, writeSkipCount=0, processSkipCount=0, commitCount=0, rollbackCount=0, exitDescription=]]\r\n	at org.springframework.batch.support.SimpleMethodInvoker.invokeMethod(SimpleMethodInvoker.java:112)\r\n	at org.springframework.batch.core.listener.MethodInvokerMethodInterceptor.invoke(MethodInvokerMethodInterceptor.java:69)\r\n	at org.springframework.aop.framework.ReflectiveMethodInvocation.proceed(ReflectiveMethodInvocation.java:186)\r\n	at org.springframework.aop.framework.JdkDynamicAopProxy.invoke(JdkDynamicAopProxy.java:212)\r\n	at com.sun.proxy.$Proxy179.beforeStep(Unknown Source)\r\n	at org.springframework.batch.core.listener.CompositeStepExecutionListener.beforeStep(CompositeStepExecutionListener.java:79)\r\n	at org.springframework.batch.core.step.AbstractStep.execute(AbstractStep.java:204)\r\n	at org.springframework.batch.core.job.SimpleStepHandler.handleStep(SimpleStepHandler.java:148)\r\n	at org.springframework.batch.core.job.flow.JobFlowExecutor.executeStep(JobFlowExecutor.java:68)\r\n	at org.springframework.batch.core.job.flow.support.state.StepState.handle(StepState.java:68)\r\n	at org.springframework.batch.core.job.flow.support.SimpleFlow.resume(SimpleFlow.java:169)\r\n	at org.springframework.batch.core.job.flow.support.SimpleFlow.start(SimpleFlow.java:144)\r\n	at org.springframework.batch.core.job.flow.FlowJob.doExecute(FlowJob.java:137)\r\n	at org.springframework.batch.core.job.AbstractJob.execute(AbstractJob.java:319)\r\n	at org.springframework.batch.core.launch.support.SimpleJobLauncher$1.run(SimpleJobLauncher.java:147)\r\n	at org.springframework.core.task.SyncTaskExecutor.execute(SyncTaskExecutor.java:50)\r\n	at org.springframework.batch.core.launch.support.SimpleJobLauncher.run(SimpleJobLauncher.java:140)\r\n	at java.base/jdk.internal.reflect.NativeMethodAccessorImpl.invoke0(Native Method)\r\n	at java.base/jdk.internal.reflect.NativeMethodAccessorImpl.invoke(NativeMethodAccessorImpl.java:62)\r\n	at java.base/jdk.internal.reflect.DelegatingMethodAccessorImpl.invoke(DelegatingMethodAccessorImpl.java:43)\r\n	at java.base/java.lang.reflect.Method.invok','2020-03-17 18:29:53'),(169,4,'eventSummaryUploadStep',169,'2020-03-17 18:29:53','2020-03-17 18:29:53','COMPLETED',2,11,0,11,0,0,0,0,'COMPLETED','','2020-03-17 18:29:53'),(170,4,'eventSummaryUploadStep',170,'2020-03-17 18:29:53','2020-03-17 18:29:53','COMPLETED',2,11,0,11,0,0,0,0,'COMPLETED','','2020-03-17 18:29:53'),(171,4,'eventSummaryUploadStep',171,'2020-03-17 18:38:03','2020-03-17 18:38:04','COMPLETED',2,11,0,11,0,0,0,0,'COMPLETED','','2020-03-17 18:38:04'),(172,4,'eventSummaryUploadStep',172,'2020-03-17 18:38:04','2020-03-17 18:38:04','COMPLETED',2,11,0,11,0,0,0,0,'COMPLETED','','2020-03-17 18:38:04'),(173,2,'eventSummaryUploadStep',173,'2020-04-01 08:55:00','2020-04-01 08:55:00','FAILED',0,0,0,0,0,0,0,0,'FAILED','java.lang.IllegalArgumentException: Unable to invoke method: [public void com.fms.event.batch.EventSummaryReader.beforeStep(org.springframework.batch.core.StepExecution) throws java.io.FileNotFoundException] on object: [com.fms.event.batch.EventSummaryReader@4330f0a4] with arguments: [[StepExecution: id=173, version=1, name=eventSummaryUploadStep, status=STARTED, exitStatus=EXECUTING, readCount=0, filterCount=0, writeCount=0 readSkipCount=0, writeSkipCount=0, processSkipCount=0, commitCount=0, rollbackCount=0, exitDescription=]]\r\n	at org.springframework.batch.support.SimpleMethodInvoker.invokeMethod(SimpleMethodInvoker.java:112)\r\n	at org.springframework.batch.core.listener.MethodInvokerMethodInterceptor.invoke(MethodInvokerMethodInterceptor.java:69)\r\n	at org.springframework.aop.framework.ReflectiveMethodInvocation.proceed(ReflectiveMethodInvocation.java:186)\r\n	at org.springframework.aop.framework.JdkDynamicAopProxy.invoke(JdkDynamicAopProxy.java:212)\r\n	at com.sun.proxy.$Proxy184.beforeStep(Unknown Source)\r\n	at org.springframework.batch.core.listener.CompositeStepExecutionListener.beforeStep(CompositeStepExecutionListener.java:79)\r\n	at org.springframework.batch.core.step.AbstractStep.execute(AbstractStep.java:204)\r\n	at org.springframework.batch.core.job.SimpleStepHandler.handleStep(SimpleStepHandler.java:148)\r\n	at org.springframework.batch.core.job.flow.JobFlowExecutor.executeStep(JobFlowExecutor.java:68)\r\n	at org.springframework.batch.core.job.flow.support.state.StepState.handle(StepState.java:68)\r\n	at org.springframework.batch.core.job.flow.support.SimpleFlow.resume(SimpleFlow.java:169)\r\n	at org.springframework.batch.core.job.flow.support.SimpleFlow.start(SimpleFlow.java:144)\r\n	at org.springframework.batch.core.job.flow.FlowJob.doExecute(FlowJob.java:137)\r\n	at org.springframework.batch.core.job.AbstractJob.execute(AbstractJob.java:319)\r\n	at org.springframework.batch.core.launch.support.SimpleJobLauncher$1.run(SimpleJobLauncher.java:147)\r\n	at org.springframework.core.task.SyncTaskExecutor.execute(SyncTaskExecutor.java:50)\r\n	at org.springframework.batch.core.launch.support.SimpleJobLauncher.run(SimpleJobLauncher.java:140)\r\n	at java.base/jdk.internal.reflect.NativeMethodAccessorImpl.invoke0(Native Method)\r\n	at java.base/jdk.internal.reflect.NativeMethodAccessorImpl.invoke(NativeMethodAccessorImpl.java:62)\r\n	at java.base/jdk.internal.reflect.DelegatingMethodAccessorImpl.invoke(DelegatingMethodAccessorImpl.java:43)\r\n	at java.base/java.lang.reflect.Method.invok','2020-04-01 08:55:00'),(174,2,'eventSummaryUploadStep',174,'2020-04-01 08:55:00','2020-04-01 08:55:00','FAILED',0,0,0,0,0,0,0,0,'FAILED','java.lang.IllegalArgumentException: Unable to invoke method: [public void com.fms.event.batch.EventSummaryReader.beforeStep(org.springframework.batch.core.StepExecution) throws java.io.FileNotFoundException] on object: [com.fms.event.batch.EventSummaryReader@4330f0a4] with arguments: [[StepExecution: id=174, version=1, name=eventSummaryUploadStep, status=STARTED, exitStatus=EXECUTING, readCount=0, filterCount=0, writeCount=0 readSkipCount=0, writeSkipCount=0, processSkipCount=0, commitCount=0, rollbackCount=0, exitDescription=]]\r\n	at org.springframework.batch.support.SimpleMethodInvoker.invokeMethod(SimpleMethodInvoker.java:112)\r\n	at org.springframework.batch.core.listener.MethodInvokerMethodInterceptor.invoke(MethodInvokerMethodInterceptor.java:69)\r\n	at org.springframework.aop.framework.ReflectiveMethodInvocation.proceed(ReflectiveMethodInvocation.java:186)\r\n	at org.springframework.aop.framework.JdkDynamicAopProxy.invoke(JdkDynamicAopProxy.java:212)\r\n	at com.sun.proxy.$Proxy184.beforeStep(Unknown Source)\r\n	at org.springframework.batch.core.listener.CompositeStepExecutionListener.beforeStep(CompositeStepExecutionListener.java:79)\r\n	at org.springframework.batch.core.step.AbstractStep.execute(AbstractStep.java:204)\r\n	at org.springframework.batch.core.job.SimpleStepHandler.handleStep(SimpleStepHandler.java:148)\r\n	at org.springframework.batch.core.job.flow.JobFlowExecutor.executeStep(JobFlowExecutor.java:68)\r\n	at org.springframework.batch.core.job.flow.support.state.StepState.handle(StepState.java:68)\r\n	at org.springframework.batch.core.job.flow.support.SimpleFlow.resume(SimpleFlow.java:169)\r\n	at org.springframework.batch.core.job.flow.support.SimpleFlow.start(SimpleFlow.java:144)\r\n	at org.springframework.batch.core.job.flow.FlowJob.doExecute(FlowJob.java:137)\r\n	at org.springframework.batch.core.job.AbstractJob.execute(AbstractJob.java:319)\r\n	at org.springframework.batch.core.launch.support.SimpleJobLauncher$1.run(SimpleJobLauncher.java:147)\r\n	at org.springframework.core.task.SyncTaskExecutor.execute(SyncTaskExecutor.java:50)\r\n	at org.springframework.batch.core.launch.support.SimpleJobLauncher.run(SimpleJobLauncher.java:140)\r\n	at java.base/jdk.internal.reflect.NativeMethodAccessorImpl.invoke0(Native Method)\r\n	at java.base/jdk.internal.reflect.NativeMethodAccessorImpl.invoke(NativeMethodAccessorImpl.java:62)\r\n	at java.base/jdk.internal.reflect.DelegatingMethodAccessorImpl.invoke(DelegatingMethodAccessorImpl.java:43)\r\n	at java.base/java.lang.reflect.Method.invok','2020-04-01 08:55:00'),(175,2,'eventSummaryUploadStep',175,'2020-04-01 08:55:00','2020-04-01 08:55:00','FAILED',0,0,0,0,0,0,0,0,'FAILED','java.lang.IllegalArgumentException: Unable to invoke method: [public void com.fms.event.batch.EventSummaryReader.beforeStep(org.springframework.batch.core.StepExecution) throws java.io.FileNotFoundException] on object: [com.fms.event.batch.EventSummaryReader@4330f0a4] with arguments: [[StepExecution: id=175, version=1, name=eventSummaryUploadStep, status=STARTED, exitStatus=EXECUTING, readCount=0, filterCount=0, writeCount=0 readSkipCount=0, writeSkipCount=0, processSkipCount=0, commitCount=0, rollbackCount=0, exitDescription=]]\r\n	at org.springframework.batch.support.SimpleMethodInvoker.invokeMethod(SimpleMethodInvoker.java:112)\r\n	at org.springframework.batch.core.listener.MethodInvokerMethodInterceptor.invoke(MethodInvokerMethodInterceptor.java:69)\r\n	at org.springframework.aop.framework.ReflectiveMethodInvocation.proceed(ReflectiveMethodInvocation.java:186)\r\n	at org.springframework.aop.framework.JdkDynamicAopProxy.invoke(JdkDynamicAopProxy.java:212)\r\n	at com.sun.proxy.$Proxy184.beforeStep(Unknown Source)\r\n	at org.springframework.batch.core.listener.CompositeStepExecutionListener.beforeStep(CompositeStepExecutionListener.java:79)\r\n	at org.springframework.batch.core.step.AbstractStep.execute(AbstractStep.java:204)\r\n	at org.springframework.batch.core.job.SimpleStepHandler.handleStep(SimpleStepHandler.java:148)\r\n	at org.springframework.batch.core.job.flow.JobFlowExecutor.executeStep(JobFlowExecutor.java:68)\r\n	at org.springframework.batch.core.job.flow.support.state.StepState.handle(StepState.java:68)\r\n	at org.springframework.batch.core.job.flow.support.SimpleFlow.resume(SimpleFlow.java:169)\r\n	at org.springframework.batch.core.job.flow.support.SimpleFlow.start(SimpleFlow.java:144)\r\n	at org.springframework.batch.core.job.flow.FlowJob.doExecute(FlowJob.java:137)\r\n	at org.springframework.batch.core.job.AbstractJob.execute(AbstractJob.java:319)\r\n	at org.springframework.batch.core.launch.support.SimpleJobLauncher$1.run(SimpleJobLauncher.java:147)\r\n	at org.springframework.core.task.SyncTaskExecutor.execute(SyncTaskExecutor.java:50)\r\n	at org.springframework.batch.core.launch.support.SimpleJobLauncher.run(SimpleJobLauncher.java:140)\r\n	at java.base/jdk.internal.reflect.NativeMethodAccessorImpl.invoke0(Native Method)\r\n	at java.base/jdk.internal.reflect.NativeMethodAccessorImpl.invoke(NativeMethodAccessorImpl.java:62)\r\n	at java.base/jdk.internal.reflect.DelegatingMethodAccessorImpl.invoke(DelegatingMethodAccessorImpl.java:43)\r\n	at java.base/java.lang.reflect.Method.invok','2020-04-01 08:55:00'),(176,2,'eventSummaryUploadStep',176,'2020-04-02 00:01:18','2020-04-02 00:01:18','FAILED',0,0,0,0,0,0,0,0,'FAILED','java.lang.IllegalArgumentException: Unable to invoke method: [public void com.fms.event.batch.EventSummaryReader.beforeStep(org.springframework.batch.core.StepExecution) throws java.io.FileNotFoundException] on object: [com.fms.event.batch.EventSummaryReader@1ccc44b1] with arguments: [[StepExecution: id=176, version=1, name=eventSummaryUploadStep, status=STARTED, exitStatus=EXECUTING, readCount=0, filterCount=0, writeCount=0 readSkipCount=0, writeSkipCount=0, processSkipCount=0, commitCount=0, rollbackCount=0, exitDescription=]]\r\n	at org.springframework.batch.support.SimpleMethodInvoker.invokeMethod(SimpleMethodInvoker.java:112)\r\n	at org.springframework.batch.core.listener.MethodInvokerMethodInterceptor.invoke(MethodInvokerMethodInterceptor.java:69)\r\n	at org.springframework.aop.framework.ReflectiveMethodInvocation.proceed(ReflectiveMethodInvocation.java:186)\r\n	at org.springframework.aop.framework.JdkDynamicAopProxy.invoke(JdkDynamicAopProxy.java:212)\r\n	at com.sun.proxy.$Proxy254.beforeStep(Unknown Source)\r\n	at org.springframework.batch.core.listener.CompositeStepExecutionListener.beforeStep(CompositeStepExecutionListener.java:79)\r\n	at org.springframework.batch.core.step.AbstractStep.execute(AbstractStep.java:204)\r\n	at org.springframework.batch.core.job.SimpleStepHandler.handleStep(SimpleStepHandler.java:148)\r\n	at org.springframework.batch.core.job.flow.JobFlowExecutor.executeStep(JobFlowExecutor.java:68)\r\n	at org.springframework.batch.core.job.flow.support.state.StepState.handle(StepState.java:68)\r\n	at org.springframework.batch.core.job.flow.support.SimpleFlow.resume(SimpleFlow.java:169)\r\n	at org.springframework.batch.core.job.flow.support.SimpleFlow.start(SimpleFlow.java:144)\r\n	at org.springframework.batch.core.job.flow.FlowJob.doExecute(FlowJob.java:137)\r\n	at org.springframework.batch.core.job.AbstractJob.execute(AbstractJob.java:319)\r\n	at org.springframework.batch.core.launch.support.SimpleJobLauncher$1.run(SimpleJobLauncher.java:147)\r\n	at org.springframework.core.task.SyncTaskExecutor.execute(SyncTaskExecutor.java:50)\r\n	at org.springframework.batch.core.launch.support.SimpleJobLauncher.run(SimpleJobLauncher.java:140)\r\n	at java.base/jdk.internal.reflect.NativeMethodAccessorImpl.invoke0(Native Method)\r\n	at java.base/jdk.internal.reflect.NativeMethodAccessorImpl.invoke(NativeMethodAccessorImpl.java:62)\r\n	at java.base/jdk.internal.reflect.DelegatingMethodAccessorImpl.invoke(DelegatingMethodAccessorImpl.java:43)\r\n	at java.base/java.lang.reflect.Method.invok','2020-04-02 00:01:18'),(177,2,'eventSummaryUploadStep',177,'2020-04-02 00:01:18','2020-04-02 00:01:18','FAILED',0,0,0,0,0,0,0,0,'FAILED','java.lang.IllegalArgumentException: Unable to invoke method: [public void com.fms.event.batch.EventSummaryReader.beforeStep(org.springframework.batch.core.StepExecution) throws java.io.FileNotFoundException] on object: [com.fms.event.batch.EventSummaryReader@1ccc44b1] with arguments: [[StepExecution: id=177, version=1, name=eventSummaryUploadStep, status=STARTED, exitStatus=EXECUTING, readCount=0, filterCount=0, writeCount=0 readSkipCount=0, writeSkipCount=0, processSkipCount=0, commitCount=0, rollbackCount=0, exitDescription=]]\r\n	at org.springframework.batch.support.SimpleMethodInvoker.invokeMethod(SimpleMethodInvoker.java:112)\r\n	at org.springframework.batch.core.listener.MethodInvokerMethodInterceptor.invoke(MethodInvokerMethodInterceptor.java:69)\r\n	at org.springframework.aop.framework.ReflectiveMethodInvocation.proceed(ReflectiveMethodInvocation.java:186)\r\n	at org.springframework.aop.framework.JdkDynamicAopProxy.invoke(JdkDynamicAopProxy.java:212)\r\n	at com.sun.proxy.$Proxy254.beforeStep(Unknown Source)\r\n	at org.springframework.batch.core.listener.CompositeStepExecutionListener.beforeStep(CompositeStepExecutionListener.java:79)\r\n	at org.springframework.batch.core.step.AbstractStep.execute(AbstractStep.java:204)\r\n	at org.springframework.batch.core.job.SimpleStepHandler.handleStep(SimpleStepHandler.java:148)\r\n	at org.springframework.batch.core.job.flow.JobFlowExecutor.executeStep(JobFlowExecutor.java:68)\r\n	at org.springframework.batch.core.job.flow.support.state.StepState.handle(StepState.java:68)\r\n	at org.springframework.batch.core.job.flow.support.SimpleFlow.resume(SimpleFlow.java:169)\r\n	at org.springframework.batch.core.job.flow.support.SimpleFlow.start(SimpleFlow.java:144)\r\n	at org.springframework.batch.core.job.flow.FlowJob.doExecute(FlowJob.java:137)\r\n	at org.springframework.batch.core.job.AbstractJob.execute(AbstractJob.java:319)\r\n	at org.springframework.batch.core.launch.support.SimpleJobLauncher$1.run(SimpleJobLauncher.java:147)\r\n	at org.springframework.core.task.SyncTaskExecutor.execute(SyncTaskExecutor.java:50)\r\n	at org.springframework.batch.core.launch.support.SimpleJobLauncher.run(SimpleJobLauncher.java:140)\r\n	at java.base/jdk.internal.reflect.NativeMethodAccessorImpl.invoke0(Native Method)\r\n	at java.base/jdk.internal.reflect.NativeMethodAccessorImpl.invoke(NativeMethodAccessorImpl.java:62)\r\n	at java.base/jdk.internal.reflect.DelegatingMethodAccessorImpl.invoke(DelegatingMethodAccessorImpl.java:43)\r\n	at java.base/java.lang.reflect.Method.invok','2020-04-02 00:01:18'),(178,2,'eventSummaryUploadStep',178,'2020-04-02 00:01:19','2020-04-02 00:01:19','FAILED',0,0,0,0,0,0,0,0,'FAILED','java.lang.IllegalArgumentException: Unable to invoke method: [public void com.fms.event.batch.EventSummaryReader.beforeStep(org.springframework.batch.core.StepExecution) throws java.io.FileNotFoundException] on object: [com.fms.event.batch.EventSummaryReader@1ccc44b1] with arguments: [[StepExecution: id=178, version=1, name=eventSummaryUploadStep, status=STARTED, exitStatus=EXECUTING, readCount=0, filterCount=0, writeCount=0 readSkipCount=0, writeSkipCount=0, processSkipCount=0, commitCount=0, rollbackCount=0, exitDescription=]]\r\n	at org.springframework.batch.support.SimpleMethodInvoker.invokeMethod(SimpleMethodInvoker.java:112)\r\n	at org.springframework.batch.core.listener.MethodInvokerMethodInterceptor.invoke(MethodInvokerMethodInterceptor.java:69)\r\n	at org.springframework.aop.framework.ReflectiveMethodInvocation.proceed(ReflectiveMethodInvocation.java:186)\r\n	at org.springframework.aop.framework.JdkDynamicAopProxy.invoke(JdkDynamicAopProxy.java:212)\r\n	at com.sun.proxy.$Proxy254.beforeStep(Unknown Source)\r\n	at org.springframework.batch.core.listener.CompositeStepExecutionListener.beforeStep(CompositeStepExecutionListener.java:79)\r\n	at org.springframework.batch.core.step.AbstractStep.execute(AbstractStep.java:204)\r\n	at org.springframework.batch.core.job.SimpleStepHandler.handleStep(SimpleStepHandler.java:148)\r\n	at org.springframework.batch.core.job.flow.JobFlowExecutor.executeStep(JobFlowExecutor.java:68)\r\n	at org.springframework.batch.core.job.flow.support.state.StepState.handle(StepState.java:68)\r\n	at org.springframework.batch.core.job.flow.support.SimpleFlow.resume(SimpleFlow.java:169)\r\n	at org.springframework.batch.core.job.flow.support.SimpleFlow.start(SimpleFlow.java:144)\r\n	at org.springframework.batch.core.job.flow.FlowJob.doExecute(FlowJob.java:137)\r\n	at org.springframework.batch.core.job.AbstractJob.execute(AbstractJob.java:319)\r\n	at org.springframework.batch.core.launch.support.SimpleJobLauncher$1.run(SimpleJobLauncher.java:147)\r\n	at org.springframework.core.task.SyncTaskExecutor.execute(SyncTaskExecutor.java:50)\r\n	at org.springframework.batch.core.launch.support.SimpleJobLauncher.run(SimpleJobLauncher.java:140)\r\n	at java.base/jdk.internal.reflect.NativeMethodAccessorImpl.invoke0(Native Method)\r\n	at java.base/jdk.internal.reflect.NativeMethodAccessorImpl.invoke(NativeMethodAccessorImpl.java:62)\r\n	at java.base/jdk.internal.reflect.DelegatingMethodAccessorImpl.invoke(DelegatingMethodAccessorImpl.java:43)\r\n	at java.base/java.lang.reflect.Method.invok','2020-04-02 00:01:19');
/*!40000 ALTER TABLE `batch_step_execution` ENABLE KEYS */;
UNLOCK TABLES;

--
-- Table structure for table `batch_step_execution_context`
--

-- DROP TABLE IF EXISTS `batch_step_execution_context`;
/*!40101 SET @saved_cs_client     = @@character_set_client */;
/*!50503 SET character_set_client = utf8mb4 */;
CREATE TABLE `batch_step_execution_context` (
  `STEP_EXECUTION_ID` bigint NOT NULL,
  `SHORT_CONTEXT` varchar(2500) NOT NULL,
  `SERIALIZED_CONTEXT` text,
  PRIMARY KEY (`STEP_EXECUTION_ID`),
  CONSTRAINT `STEP_EXEC_CTX_FK` FOREIGN KEY (`STEP_EXECUTION_ID`) REFERENCES `batch_step_execution` (`STEP_EXECUTION_ID`)
);
/*!40101 SET character_set_client = @saved_cs_client */;

--
-- Dumping data for table `batch_step_execution_context`
--

LOCK TABLES `batch_step_execution_context` WRITE;
/*!40000 ALTER TABLE `batch_step_execution_context` DISABLE KEYS */;
INSERT INTO `batch_step_execution_context` VALUES (1,'{}',NULL),(2,'{}',NULL),(3,'{}',NULL),(4,'{}',NULL),(5,'{}',NULL),(6,'{\"batch.taskletType\":\"org.springframework.batch.core.step.item.ChunkOrientedTasklet\",\"PoiItemReader.read.count\":0,\"batch.stepType\":\"org.springframework.batch.core.step.tasklet.TaskletStep\"}',NULL),(7,'{\"batch.taskletType\":\"org.springframework.batch.core.step.item.ChunkOrientedTasklet\",\"PoiItemReader.read.count\":0,\"batch.stepType\":\"org.springframework.batch.core.step.tasklet.TaskletStep\"}',NULL),(8,'{}',NULL),(9,'{\"batch.taskletType\":\"org.springframework.batch.core.step.item.ChunkOrientedTasklet\",\"PoiItemReader.read.count\":0,\"batch.stepType\":\"org.springframework.batch.core.step.tasklet.TaskletStep\"}',NULL),(10,'{}',NULL),(11,'{}',NULL),(12,'{\"batch.taskletType\":\"org.springframework.batch.core.step.item.ChunkOrientedTasklet\",\"PoiItemReader.read.count\":0,\"batch.stepType\":\"org.springframework.batch.core.step.tasklet.TaskletStep\"}',NULL),(13,'{\"batch.taskletType\":\"org.springframework.batch.core.step.item.ChunkOrientedTasklet\",\"PoiItemReader.read.count\":0,\"batch.stepType\":\"org.springframework.batch.core.step.tasklet.TaskletStep\"}',NULL),(14,'{\"batch.taskletType\":\"org.springframework.batch.core.step.item.ChunkOrientedTasklet\",\"PoiItemReader.read.count\":0,\"batch.stepType\":\"org.springframework.batch.core.step.tasklet.TaskletStep\"}',NULL),(15,'{\"batch.taskletType\":\"org.springframework.batch.core.step.item.ChunkOrientedTasklet\",\"PoiItemReader.read.count\":3,\"batch.stepType\":\"org.springframework.batch.core.step.tasklet.TaskletStep\"}',NULL),(16,'{\"batch.taskletType\":\"org.springframework.batch.core.step.item.ChunkOrientedTasklet\",\"PoiItemReader.read.count\":3,\"batch.stepType\":\"org.springframework.batch.core.step.tasklet.TaskletStep\"}',NULL),(17,'{\"batch.taskletType\":\"org.springframework.batch.core.step.item.ChunkOrientedTasklet\",\"batch.stepType\":\"org.springframework.batch.core.step.tasklet.TaskletStep\"}',NULL),(18,'{\"batch.taskletType\":\"org.springframework.batch.core.step.item.ChunkOrientedTasklet\",\"batch.stepType\":\"org.springframework.batch.core.step.tasklet.TaskletStep\"}',NULL),(19,'{\"batch.taskletType\":\"org.springframework.batch.core.step.item.ChunkOrientedTasklet\",\"batch.stepType\":\"org.springframework.batch.core.step.tasklet.TaskletStep\"}',NULL),(20,'{\"batch.taskletType\":\"org.springframework.batch.core.step.item.ChunkOrientedTasklet\",\"batch.stepType\":\"org.springframework.batch.core.step.tasklet.TaskletStep\"}',NULL),(21,'{\"batch.taskletType\":\"org.springframework.batch.core.step.item.ChunkOrientedTasklet\",\"batch.stepType\":\"org.springframework.batch.core.step.tasklet.TaskletStep\"}',NULL),(22,'{\"batch.taskletType\":\"org.springframework.batch.core.step.item.ChunkOrientedTasklet\",\"batch.stepType\":\"org.springframework.batch.core.step.tasklet.TaskletStep\"}',NULL),(23,'{\"batch.taskletType\":\"org.springframework.batch.core.step.item.ChunkOrientedTasklet\",\"batch.stepType\":\"org.springframework.batch.core.step.tasklet.TaskletStep\"}',NULL),(24,'{\"batch.taskletType\":\"org.springframework.batch.core.step.item.ChunkOrientedTasklet\",\"batch.stepType\":\"org.springframework.batch.core.step.tasklet.TaskletStep\"}',NULL),(25,'{\"batch.taskletType\":\"org.springframework.batch.core.step.item.ChunkOrientedTasklet\",\"batch.stepType\":\"org.springframework.batch.core.step.tasklet.TaskletStep\"}',NULL),(26,'{\"batch.taskletType\":\"org.springframework.batch.core.step.item.ChunkOrientedTasklet\",\"batch.stepType\":\"org.springframework.batch.core.step.tasklet.TaskletStep\"}',NULL),(27,'{\"batch.taskletType\":\"org.springframework.batch.core.step.item.ChunkOrientedTasklet\",\"batch.stepType\":\"org.springframework.batch.core.step.tasklet.TaskletStep\"}',NULL),(28,'{\"batch.taskletType\":\"org.springframework.batch.core.step.item.ChunkOrientedTasklet\",\"batch.stepType\":\"org.springframework.batch.core.step.tasklet.TaskletStep\"}',NULL),(29,'{\"batch.taskletType\":\"org.springframework.batch.core.step.item.ChunkOrientedTasklet\",\"batch.stepType\":\"org.springframework.batch.core.step.tasklet.TaskletStep\"}',NULL),(30,'{\"batch.taskletType\":\"org.springframework.batch.core.step.item.ChunkOrientedTasklet\",\"batch.stepType\":\"org.springframework.batch.core.step.tasklet.TaskletStep\"}',NULL),(31,'{\"batch.taskletType\":\"org.springframework.batch.core.step.item.ChunkOrientedTasklet\",\"batch.stepType\":\"org.springframework.batch.core.step.tasklet.TaskletStep\"}',NULL),(32,'{\"batch.taskletType\":\"org.springframework.batch.core.step.item.ChunkOrientedTasklet\",\"batch.stepType\":\"org.springframework.batch.core.step.tasklet.TaskletStep\"}',NULL),(33,'{\"batch.taskletType\":\"org.springframework.batch.core.step.item.ChunkOrientedTasklet\",\"batch.stepType\":\"org.springframework.batch.core.step.tasklet.TaskletStep\"}',NULL),(34,'{\"batch.taskletType\":\"org.springframework.batch.core.step.item.ChunkOrientedTasklet\",\"batch.stepType\":\"org.springframework.batch.core.step.tasklet.TaskletStep\"}',NULL),(35,'{\"batch.taskletType\":\"org.springframework.batch.core.step.item.ChunkOrientedTasklet\",\"batch.stepType\":\"org.springframework.batch.core.step.tasklet.TaskletStep\"}',NULL),(36,'{\"batch.taskletType\":\"org.springframework.batch.core.step.item.ChunkOrientedTasklet\",\"batch.stepType\":\"org.springframework.batch.core.step.tasklet.TaskletStep\"}',NULL),(37,'{\"batch.taskletType\":\"org.springframework.batch.core.step.item.ChunkOrientedTasklet\",\"batch.stepType\":\"org.springframework.batch.core.step.tasklet.TaskletStep\"}',NULL),(38,'{\"batch.taskletType\":\"org.springframework.batch.core.step.item.ChunkOrientedTasklet\",\"batch.stepType\":\"org.springframework.batch.core.step.tasklet.TaskletStep\"}',NULL),(39,'{\"batch.taskletType\":\"org.springframework.batch.core.step.item.ChunkOrientedTasklet\",\"batch.stepType\":\"org.springframework.batch.core.step.tasklet.TaskletStep\"}',NULL),(40,'{\"batch.taskletType\":\"org.springframework.batch.core.step.item.ChunkOrientedTasklet\",\"batch.stepType\":\"org.springframework.batch.core.step.tasklet.TaskletStep\"}',NULL),(41,'{\"batch.taskletType\":\"org.springframework.batch.core.step.item.ChunkOrientedTasklet\",\"batch.stepType\":\"org.springframework.batch.core.step.tasklet.TaskletStep\"}',NULL),(42,'{\"batch.taskletType\":\"org.springframework.batch.core.step.item.ChunkOrientedTasklet\",\"batch.stepType\":\"org.springframework.batch.core.step.tasklet.TaskletStep\"}',NULL),(43,'{\"batch.taskletType\":\"org.springframework.batch.core.step.item.ChunkOrientedTasklet\",\"batch.stepType\":\"org.springframework.batch.core.step.tasklet.TaskletStep\"}',NULL),(44,'{\"batch.taskletType\":\"org.springframework.batch.core.step.item.ChunkOrientedTasklet\",\"batch.stepType\":\"org.springframework.batch.core.step.tasklet.TaskletStep\"}',NULL),(45,'{\"batch.taskletType\":\"org.springframework.batch.core.step.item.ChunkOrientedTasklet\",\"batch.stepType\":\"org.springframework.batch.core.step.tasklet.TaskletStep\"}',NULL),(46,'{\"batch.taskletType\":\"org.springframework.batch.core.step.item.ChunkOrientedTasklet\",\"batch.stepType\":\"org.springframework.batch.core.step.tasklet.TaskletStep\"}',NULL),(47,'{\"batch.taskletType\":\"org.springframework.batch.core.step.item.ChunkOrientedTasklet\",\"batch.stepType\":\"org.springframework.batch.core.step.tasklet.TaskletStep\"}',NULL),(48,'{\"batch.taskletType\":\"org.springframework.batch.core.step.item.ChunkOrientedTasklet\",\"batch.stepType\":\"org.springframework.batch.core.step.tasklet.TaskletStep\"}',NULL),(49,'{\"batch.taskletType\":\"org.springframework.batch.core.step.item.ChunkOrientedTasklet\",\"batch.stepType\":\"org.springframework.batch.core.step.tasklet.TaskletStep\"}',NULL),(50,'{\"batch.taskletType\":\"org.springframework.batch.core.step.item.ChunkOrientedTasklet\",\"batch.stepType\":\"org.springframework.batch.core.step.tasklet.TaskletStep\"}',NULL),(51,'{\"batch.taskletType\":\"org.springframework.batch.core.step.item.ChunkOrientedTasklet\",\"PoiItemReader.read.count\":11,\"batch.stepType\":\"org.springframework.batch.core.step.tasklet.TaskletStep\"}',NULL),(52,'{}',NULL),(53,'{\"batch.taskletType\":\"org.springframework.batch.core.step.item.ChunkOrientedTasklet\",\"batch.stepType\":\"org.springframework.batch.core.step.tasklet.TaskletStep\"}',NULL),(54,'{\"batch.taskletType\":\"org.springframework.batch.core.step.item.ChunkOrientedTasklet\",\"batch.stepType\":\"org.springframework.batch.core.step.tasklet.TaskletStep\"}',NULL),(55,'{\"batch.taskletType\":\"org.springframework.batch.core.step.item.ChunkOrientedTasklet\",\"batch.stepType\":\"org.springframework.batch.core.step.tasklet.TaskletStep\"}',NULL),(56,'{\"batch.taskletType\":\"org.springframework.batch.core.step.item.ChunkOrientedTasklet\",\"batch.stepType\":\"org.springframework.batch.core.step.tasklet.TaskletStep\"}',NULL),(57,'{\"batch.taskletType\":\"org.springframework.batch.core.step.item.ChunkOrientedTasklet\",\"batch.stepType\":\"org.springframework.batch.core.step.tasklet.TaskletStep\"}',NULL),(58,'{\"batch.taskletType\":\"org.springframework.batch.core.step.item.ChunkOrientedTasklet\",\"batch.stepType\":\"org.springframework.batch.core.step.tasklet.TaskletStep\"}',NULL),(59,'{\"batch.taskletType\":\"org.springframework.batch.core.step.item.ChunkOrientedTasklet\",\"batch.stepType\":\"org.springframework.batch.core.step.tasklet.TaskletStep\"}',NULL),(60,'{\"batch.taskletType\":\"org.springframework.batch.core.step.item.ChunkOrientedTasklet\",\"batch.stepType\":\"org.springframework.batch.core.step.tasklet.TaskletStep\"}',NULL),(61,'{\"batch.taskletType\":\"org.springframework.batch.core.step.item.ChunkOrientedTasklet\",\"EventSummaryReader.read.count\":11,\"batch.stepType\":\"org.springframework.batch.core.step.tasklet.TaskletStep\"}',NULL),(62,'{}',NULL),(63,'{}',NULL),(64,'{}',NULL),(65,'{}',NULL),(66,'{}',NULL),(67,'{}',NULL),(68,'{}',NULL),(69,'{}',NULL),(70,'{}',NULL),(71,'{}',NULL),(72,'{\"batch.taskletType\":\"org.springframework.batch.core.step.item.ChunkOrientedTasklet\",\"batch.stepType\":\"org.springframework.batch.core.step.tasklet.TaskletStep\"}',NULL),(73,'{\"batch.taskletType\":\"org.springframework.batch.core.step.item.ChunkOrientedTasklet\",\"batch.stepType\":\"org.springframework.batch.core.step.tasklet.TaskletStep\"}',NULL),(74,'{\"batch.taskletType\":\"org.springframework.batch.core.step.item.ChunkOrientedTasklet\",\"batch.stepType\":\"org.springframework.batch.core.step.tasklet.TaskletStep\"}',NULL),(75,'{\"batch.taskletType\":\"org.springframework.batch.core.step.item.ChunkOrientedTasklet\",\"batch.stepType\":\"org.springframework.batch.core.step.tasklet.TaskletStep\"}',NULL),(76,'{\"batch.taskletType\":\"org.springframework.batch.core.step.item.ChunkOrientedTasklet\",\"batch.stepType\":\"org.springframework.batch.core.step.tasklet.TaskletStep\"}',NULL),(77,'{\"batch.taskletType\":\"org.springframework.batch.core.step.item.ChunkOrientedTasklet\",\"batch.stepType\":\"org.springframework.batch.core.step.tasklet.TaskletStep\"}',NULL),(78,'{\"batch.taskletType\":\"org.springframework.batch.core.step.item.ChunkOrientedTasklet\",\"batch.stepType\":\"org.springframework.batch.core.step.tasklet.TaskletStep\"}',NULL),(79,'{\"batch.taskletType\":\"org.springframework.batch.core.step.item.ChunkOrientedTasklet\",\"EventSummaryReader.read.count\":4,\"batch.stepType\":\"org.springframework.batch.core.step.tasklet.TaskletStep\"}',NULL),(80,'{}',NULL),(81,'{\"batch.taskletType\":\"org.springframework.batch.core.step.item.ChunkOrientedTasklet\",\"EventSummaryReader.read.count\":4,\"batch.stepType\":\"org.springframework.batch.core.step.tasklet.TaskletStep\"}',NULL),(82,'{\"batch.taskletType\":\"org.springframework.batch.core.step.item.ChunkOrientedTasklet\",\"EventSummaryReader.read.count\":4,\"batch.stepType\":\"org.springframework.batch.core.step.tasklet.TaskletStep\"}',NULL),(83,'{\"batch.taskletType\":\"org.springframework.batch.core.step.item.ChunkOrientedTasklet\",\"EventSummaryReader.read.count\":4,\"batch.stepType\":\"org.springframework.batch.core.step.tasklet.TaskletStep\"}',NULL),(84,'{\"batch.taskletType\":\"org.springframework.batch.core.step.item.ChunkOrientedTasklet\",\"EventSummaryReader.read.count\":4,\"batch.stepType\":\"org.springframework.batch.core.step.tasklet.TaskletStep\"}',NULL),(85,'{\"batch.taskletType\":\"org.springframework.batch.core.step.item.ChunkOrientedTasklet\",\"EventSummaryReader.read.count\":4,\"batch.stepType\":\"org.springframework.batch.core.step.tasklet.TaskletStep\"}',NULL),(86,'{\"batch.taskletType\":\"org.springframework.batch.core.step.item.ChunkOrientedTasklet\",\"EventSummaryReader.read.count\":4,\"batch.stepType\":\"org.springframework.batch.core.step.tasklet.TaskletStep\"}',NULL),(87,'{\"batch.taskletType\":\"org.springframework.batch.core.step.item.ChunkOrientedTasklet\",\"EventSummaryReader.read.count\":4,\"batch.stepType\":\"org.springframework.batch.core.step.tasklet.TaskletStep\"}',NULL),(88,'{\"batch.taskletType\":\"org.springframework.batch.core.step.item.ChunkOrientedTasklet\",\"EventSummaryReader.read.count\":4,\"batch.stepType\":\"org.springframework.batch.core.step.tasklet.TaskletStep\"}',NULL),(89,'{\"batch.taskletType\":\"org.springframework.batch.core.step.item.ChunkOrientedTasklet\",\"EventSummaryReader.read.count\":4,\"batch.stepType\":\"org.springframework.batch.core.step.tasklet.TaskletStep\"}',NULL),(90,'{\"batch.taskletType\":\"org.springframework.batch.core.step.item.ChunkOrientedTasklet\",\"EventSummaryReader.read.count\":4,\"batch.stepType\":\"org.springframework.batch.core.step.tasklet.TaskletStep\"}',NULL),(91,'{\"batch.taskletType\":\"org.springframework.batch.core.step.item.ChunkOrientedTasklet\",\"EventSummaryReader.read.count\":4,\"batch.stepType\":\"org.springframework.batch.core.step.tasklet.TaskletStep\"}',NULL),(92,'{\"batch.taskletType\":\"org.springframework.batch.core.step.item.ChunkOrientedTasklet\",\"EventSummaryReader.read.count\":4,\"batch.stepType\":\"org.springframework.batch.core.step.tasklet.TaskletStep\"}',NULL),(93,'{\"batch.taskletType\":\"org.springframework.batch.core.step.item.ChunkOrientedTasklet\",\"EventSummaryReader.read.count\":4,\"batch.stepType\":\"org.springframework.batch.core.step.tasklet.TaskletStep\"}',NULL),(94,'{\"batch.taskletType\":\"org.springframework.batch.core.step.item.ChunkOrientedTasklet\",\"EventSummaryReader.read.count\":4,\"batch.stepType\":\"org.springframework.batch.core.step.tasklet.TaskletStep\"}',NULL),(95,'{\"batch.taskletType\":\"org.springframework.batch.core.step.item.ChunkOrientedTasklet\",\"EventSummaryReader.read.count\":4,\"batch.stepType\":\"org.springframework.batch.core.step.tasklet.TaskletStep\"}',NULL),(96,'{\"batch.taskletType\":\"org.springframework.batch.core.step.item.ChunkOrientedTasklet\",\"EventSummaryReader.read.count\":4,\"batch.stepType\":\"org.springframework.batch.core.step.tasklet.TaskletStep\"}',NULL),(97,'{\"batch.taskletType\":\"org.springframework.batch.core.step.item.ChunkOrientedTasklet\",\"EventSummaryReader.read.count\":4,\"batch.stepType\":\"org.springframework.batch.core.step.tasklet.TaskletStep\"}',NULL),(98,'{\"batch.taskletType\":\"org.springframework.batch.core.step.item.ChunkOrientedTasklet\",\"EventSummaryReader.read.count\":4,\"batch.stepType\":\"org.springframework.batch.core.step.tasklet.TaskletStep\"}',NULL),(99,'{\"batch.taskletType\":\"org.springframework.batch.core.step.item.ChunkOrientedTasklet\",\"EventSummaryReader.read.count\":4,\"batch.stepType\":\"org.springframework.batch.core.step.tasklet.TaskletStep\"}',NULL),(100,'{\"batch.taskletType\":\"org.springframework.batch.core.step.item.ChunkOrientedTasklet\",\"EventSummaryReader.read.count\":4,\"batch.stepType\":\"org.springframework.batch.core.step.tasklet.TaskletStep\"}',NULL),(101,'{\"batch.taskletType\":\"org.springframework.batch.core.step.item.ChunkOrientedTasklet\",\"EventSummaryReader.read.count\":4,\"batch.stepType\":\"org.springframework.batch.core.step.tasklet.TaskletStep\"}',NULL),(102,'{\"batch.taskletType\":\"org.springframework.batch.core.step.item.ChunkOrientedTasklet\",\"EventSummaryReader.read.count\":4,\"batch.stepType\":\"org.springframework.batch.core.step.tasklet.TaskletStep\"}',NULL),(103,'{\"batch.taskletType\":\"org.springframework.batch.core.step.item.ChunkOrientedTasklet\",\"EventSummaryReader.read.count\":4,\"batch.stepType\":\"org.springframework.batch.core.step.tasklet.TaskletStep\"}',NULL),(104,'{\"batch.taskletType\":\"org.springframework.batch.core.step.item.ChunkOrientedTasklet\",\"EventSummaryReader.read.count\":4,\"batch.stepType\":\"org.springframework.batch.core.step.tasklet.TaskletStep\"}',NULL),(105,'{\"batch.taskletType\":\"org.springframework.batch.core.step.item.ChunkOrientedTasklet\",\"EventSummaryReader.read.count\":4,\"batch.stepType\":\"org.springframework.batch.core.step.tasklet.TaskletStep\"}',NULL),(106,'{\"batch.taskletType\":\"org.springframework.batch.core.step.item.ChunkOrientedTasklet\",\"EventSummaryReader.read.count\":4,\"batch.stepType\":\"org.springframework.batch.core.step.tasklet.TaskletStep\"}',NULL),(107,'{\"batch.taskletType\":\"org.springframework.batch.core.step.item.ChunkOrientedTasklet\",\"EventSummaryReader.read.count\":4,\"batch.stepType\":\"org.springframework.batch.core.step.tasklet.TaskletStep\"}',NULL),(108,'{\"batch.taskletType\":\"org.springframework.batch.core.step.item.ChunkOrientedTasklet\",\"EventSummaryReader.read.count\":4,\"batch.stepType\":\"org.springframework.batch.core.step.tasklet.TaskletStep\"}',NULL),(109,'{\"batch.taskletType\":\"org.springframework.batch.core.step.item.ChunkOrientedTasklet\",\"EventSummaryReader.read.count\":4,\"batch.stepType\":\"org.springframework.batch.core.step.tasklet.TaskletStep\"}',NULL),(110,'{\"batch.taskletType\":\"org.springframework.batch.core.step.item.ChunkOrientedTasklet\",\"EventSummaryReader.read.count\":4,\"batch.stepType\":\"org.springframework.batch.core.step.tasklet.TaskletStep\"}',NULL),(111,'{\"batch.taskletType\":\"org.springframework.batch.core.step.item.ChunkOrientedTasklet\",\"EventSummaryReader.read.count\":4,\"batch.stepType\":\"org.springframework.batch.core.step.tasklet.TaskletStep\"}',NULL),(112,'{\"batch.taskletType\":\"org.springframework.batch.core.step.item.ChunkOrientedTasklet\",\"EventSummaryReader.read.count\":4,\"batch.stepType\":\"org.springframework.batch.core.step.tasklet.TaskletStep\"}',NULL),(113,'{\"batch.taskletType\":\"org.springframework.batch.core.step.item.ChunkOrientedTasklet\",\"EventSummaryReader.read.count\":4,\"batch.stepType\":\"org.springframework.batch.core.step.tasklet.TaskletStep\"}',NULL),(114,'{\"batch.taskletType\":\"org.springframework.batch.core.step.item.ChunkOrientedTasklet\",\"EventSummaryReader.read.count\":4,\"batch.stepType\":\"org.springframework.batch.core.step.tasklet.TaskletStep\"}',NULL),(115,'{\"batch.taskletType\":\"org.springframework.batch.core.step.item.ChunkOrientedTasklet\",\"EventSummaryReader.read.count\":4,\"batch.stepType\":\"org.springframework.batch.core.step.tasklet.TaskletStep\"}',NULL),(116,'{\"batch.taskletType\":\"org.springframework.batch.core.step.item.ChunkOrientedTasklet\",\"EventSummaryReader.read.count\":4,\"batch.stepType\":\"org.springframework.batch.core.step.tasklet.TaskletStep\"}',NULL),(117,'{\"batch.taskletType\":\"org.springframework.batch.core.step.item.ChunkOrientedTasklet\",\"EventSummaryReader.read.count\":4,\"batch.stepType\":\"org.springframework.batch.core.step.tasklet.TaskletStep\"}',NULL),(118,'{\"batch.taskletType\":\"org.springframework.batch.core.step.item.ChunkOrientedTasklet\",\"EventSummaryReader.read.count\":4,\"batch.stepType\":\"org.springframework.batch.core.step.tasklet.TaskletStep\"}',NULL),(119,'{\"batch.taskletType\":\"org.springframework.batch.core.step.item.ChunkOrientedTasklet\",\"EventSummaryReader.read.count\":4,\"batch.stepType\":\"org.springframework.batch.core.step.tasklet.TaskletStep\"}',NULL),(120,'{\"batch.taskletType\":\"org.springframework.batch.core.step.item.ChunkOrientedTasklet\",\"EventSummaryReader.read.count\":4,\"batch.stepType\":\"org.springframework.batch.core.step.tasklet.TaskletStep\"}',NULL),(121,'{\"batch.taskletType\":\"org.springframework.batch.core.step.item.ChunkOrientedTasklet\",\"EventSummaryReader.read.count\":4,\"batch.stepType\":\"org.springframework.batch.core.step.tasklet.TaskletStep\"}',NULL),(122,'{\"batch.taskletType\":\"org.springframework.batch.core.step.item.ChunkOrientedTasklet\",\"EventSummaryReader.read.count\":4,\"batch.stepType\":\"org.springframework.batch.core.step.tasklet.TaskletStep\"}',NULL),(123,'{\"batch.taskletType\":\"org.springframework.batch.core.step.item.ChunkOrientedTasklet\",\"EventSummaryReader.read.count\":4,\"batch.stepType\":\"org.springframework.batch.core.step.tasklet.TaskletStep\"}',NULL),(124,'{\"batch.taskletType\":\"org.springframework.batch.core.step.item.ChunkOrientedTasklet\",\"EventSummaryReader.read.count\":4,\"batch.stepType\":\"org.springframework.batch.core.step.tasklet.TaskletStep\"}',NULL),(125,'{}',NULL),(126,'{}',NULL),(127,'{\"batch.taskletType\":\"org.springframework.batch.core.step.item.ChunkOrientedTasklet\",\"EventSummaryReader.read.count\":11,\"batch.stepType\":\"org.springframework.batch.core.step.tasklet.TaskletStep\"}',NULL),(128,'{\"batch.taskletType\":\"org.springframework.batch.core.step.item.ChunkOrientedTasklet\",\"EventSummaryReader.read.count\":11,\"batch.stepType\":\"org.springframework.batch.core.step.tasklet.TaskletStep\"}',NULL),(129,'{\"batch.taskletType\":\"org.springframework.batch.core.step.item.ChunkOrientedTasklet\",\"EventSummaryReader.read.count\":11,\"batch.stepType\":\"org.springframework.batch.core.step.tasklet.TaskletStep\"}',NULL),(130,'{\"batch.taskletType\":\"org.springframework.batch.core.step.item.ChunkOrientedTasklet\",\"EventSummaryReader.read.count\":11,\"batch.stepType\":\"org.springframework.batch.core.step.tasklet.TaskletStep\"}',NULL),(131,'{\"batch.taskletType\":\"org.springframework.batch.core.step.item.ChunkOrientedTasklet\",\"EventSummaryReader.read.count\":11,\"batch.stepType\":\"org.springframework.batch.core.step.tasklet.TaskletStep\"}',NULL),(132,'{\"batch.taskletType\":\"org.springframework.batch.core.step.item.ChunkOrientedTasklet\",\"EventSummaryReader.read.count\":11,\"batch.stepType\":\"org.springframework.batch.core.step.tasklet.TaskletStep\"}',NULL),(133,'{\"batch.taskletType\":\"org.springframework.batch.core.step.item.ChunkOrientedTasklet\",\"EventSummaryReader.read.count\":11,\"batch.stepType\":\"org.springframework.batch.core.step.tasklet.TaskletStep\"}',NULL),(134,'{\"batch.taskletType\":\"org.springframework.batch.core.step.item.ChunkOrientedTasklet\",\"EventSummaryReader.read.count\":11,\"batch.stepType\":\"org.springframework.batch.core.step.tasklet.TaskletStep\"}',NULL),(135,'{\"batch.taskletType\":\"org.springframework.batch.core.step.item.ChunkOrientedTasklet\",\"EventSummaryReader.read.count\":11,\"batch.stepType\":\"org.springframework.batch.core.step.tasklet.TaskletStep\"}',NULL),(136,'{\"batch.taskletType\":\"org.springframework.batch.core.step.item.ChunkOrientedTasklet\",\"EventSummaryReader.read.count\":11,\"batch.stepType\":\"org.springframework.batch.core.step.tasklet.TaskletStep\"}',NULL),(137,'{}',NULL),(138,'{}',NULL),(139,'{\"batch.taskletType\":\"org.springframework.batch.core.step.item.ChunkOrientedTasklet\",\"EventSummaryReader.read.count\":11,\"batch.stepType\":\"org.springframework.batch.core.step.tasklet.TaskletStep\"}',NULL),(140,'{\"batch.taskletType\":\"org.springframework.batch.core.step.item.ChunkOrientedTasklet\",\"EventSummaryReader.read.count\":11,\"batch.stepType\":\"org.springframework.batch.core.step.tasklet.TaskletStep\"}',NULL),(141,'{\"batch.taskletType\":\"org.springframework.batch.core.step.item.ChunkOrientedTasklet\",\"EventSummaryReader.read.count\":11,\"batch.stepType\":\"org.springframework.batch.core.step.tasklet.TaskletStep\"}',NULL),(142,'{\"batch.taskletType\":\"org.springframework.batch.core.step.item.ChunkOrientedTasklet\",\"EventSummaryReader.read.count\":11,\"batch.stepType\":\"org.springframework.batch.core.step.tasklet.TaskletStep\"}',NULL),(143,'{\"batch.taskletType\":\"org.springframework.batch.core.step.item.ChunkOrientedTasklet\",\"EventSummaryReader.read.count\":11,\"batch.stepType\":\"org.springframework.batch.core.step.tasklet.TaskletStep\"}',NULL),(144,'{\"batch.taskletType\":\"org.springframework.batch.core.step.item.ChunkOrientedTasklet\",\"EventSummaryReader.read.count\":11,\"batch.stepType\":\"org.springframework.batch.core.step.tasklet.TaskletStep\"}',NULL),(145,'{}',NULL),(146,'{}',NULL),(147,'{}',NULL),(148,'{}',NULL),(149,'{}',NULL),(150,'{\"batch.taskletType\":\"org.springframework.batch.core.step.item.ChunkOrientedTasklet\",\"EventSummaryReader.read.count\":12,\"batch.stepType\":\"org.springframework.batch.core.step.tasklet.TaskletStep\"}',NULL),(151,'{\"batch.taskletType\":\"org.springframework.batch.core.step.item.ChunkOrientedTasklet\",\"EventSummaryReader.read.count\":12,\"batch.stepType\":\"org.springframework.batch.core.step.tasklet.TaskletStep\"}',NULL),(152,'{\"batch.taskletType\":\"org.springframework.batch.core.step.item.ChunkOrientedTasklet\",\"EventSummaryReader.read.count\":11,\"batch.stepType\":\"org.springframework.batch.core.step.tasklet.TaskletStep\"}',NULL),(153,'{\"batch.taskletType\":\"org.springframework.batch.core.step.item.ChunkOrientedTasklet\",\"EventSummaryReader.read.count\":11,\"batch.stepType\":\"org.springframework.batch.core.step.tasklet.TaskletStep\"}',NULL),(154,'{}',NULL),(155,'{}',NULL),(156,'{}',NULL),(157,'{}',NULL),(158,'{}',NULL),(159,'{\"batch.taskletType\":\"org.springframework.batch.core.step.item.ChunkOrientedTasklet\",\"EventSummaryReader.read.count\":12,\"batch.stepType\":\"org.springframework.batch.core.step.tasklet.TaskletStep\"}',NULL),(160,'{\"batch.taskletType\":\"org.springframework.batch.core.step.item.ChunkOrientedTasklet\",\"EventSummaryReader.read.count\":12,\"batch.stepType\":\"org.springframework.batch.core.step.tasklet.TaskletStep\"}',NULL),(161,'{}',NULL),(162,'{}',NULL),(163,'{}',NULL),(164,'{\"batch.taskletType\":\"org.springframework.batch.core.step.item.ChunkOrientedTasklet\",\"EventSummaryReader.read.count\":12,\"batch.stepType\":\"org.springframework.batch.core.step.tasklet.TaskletStep\"}',NULL),(165,'{\"batch.taskletType\":\"org.springframework.batch.core.step.item.ChunkOrientedTasklet\",\"EventSummaryReader.read.count\":12,\"batch.stepType\":\"org.springframework.batch.core.step.tasklet.TaskletStep\"}',NULL),(166,'{}',NULL),(167,'{}',NULL),(168,'{}',NULL),(169,'{\"batch.taskletType\":\"org.springframework.batch.core.step.item.ChunkOrientedTasklet\",\"EventSummaryReader.read.count\":12,\"batch.stepType\":\"org.springframework.batch.core.step.tasklet.TaskletStep\"}',NULL),(170,'{\"batch.taskletType\":\"org.springframework.batch.core.step.item.ChunkOrientedTasklet\",\"EventSummaryReader.read.count\":12,\"batch.stepType\":\"org.springframework.batch.core.step.tasklet.TaskletStep\"}',NULL),(171,'{\"batch.taskletType\":\"org.springframework.batch.core.step.item.ChunkOrientedTasklet\",\"EventSummaryReader.read.count\":12,\"batch.stepType\":\"org.springframework.batch.core.step.tasklet.TaskletStep\"}',NULL),(172,'{\"batch.taskletType\":\"org.springframework.batch.core.step.item.ChunkOrientedTasklet\",\"EventSummaryReader.read.count\":12,\"batch.stepType\":\"org.springframework.batch.core.step.tasklet.TaskletStep\"}',NULL),(173,'{}',NULL),(174,'{}',NULL),(175,'{}',NULL),(176,'{}',NULL),(177,'{}',NULL),(178,'{}',NULL);
/*!40000 ALTER TABLE `batch_step_execution_context` ENABLE KEYS */;
UNLOCK TABLES;

--
-- Table structure for table `batch_step_execution_seq`
--

-- DROP TABLE IF EXISTS `batch_step_execution_seq`;
/*!40101 SET @saved_cs_client     = @@character_set_client */;
/*!50503 SET character_set_client = utf8mb4 */;
CREATE TABLE `batch_step_execution_seq` (
  `ID` bigint NOT NULL,
  `UNIQUE_KEY` char(1) NOT NULL,
  UNIQUE KEY `UNIQUE_KEY_UN` (`UNIQUE_KEY`)
);
/*!40101 SET character_set_client = @saved_cs_client */;

--
-- Dumping data for table `batch_step_execution_seq`
--

LOCK TABLES `batch_step_execution_seq` WRITE;
/*!40000 ALTER TABLE `batch_step_execution_seq` DISABLE KEYS */;
INSERT INTO `batch_step_execution_seq` VALUES (178,'0');
/*!40000 ALTER TABLE `batch_step_execution_seq` ENABLE KEYS */;
UNLOCK TABLES;

--
-- Table structure for table `hibernate_sequence`
--

-- DROP TABLE IF EXISTS `hibernate_sequence`;
/*!40101 SET @saved_cs_client     = @@character_set_client */;
/*!50503 SET character_set_client = utf8mb4 */;
CREATE TABLE `hibernate_sequence` (
  `next_val` bigint DEFAULT NULL
) ENGINE=MyISAM DEFAULT CHARSET=utf8mb4 COLLATE=utf8mb4_0900_ai_ci;
/*!40101 SET character_set_client = @saved_cs_client */;

--
-- Dumping data for table `hibernate_sequence`
--

LOCK TABLES `hibernate_sequence` WRITE;
/*!40000 ALTER TABLE `hibernate_sequence` DISABLE KEYS */;
INSERT INTO `hibernate_sequence` VALUES (1),(1),(1),(1),(1);
/*!40000 ALTER TABLE `hibernate_sequence` ENABLE KEYS */;
UNLOCK TABLES;

--
-- Table structure for table `t_employee`
--

-- DROP TABLE IF EXISTS `t_employee`;
/*!40101 SET @saved_cs_client     = @@character_set_client */;
/*!50503 SET character_set_client = utf8mb4 */;
CREATE TABLE `t_employee` (
  `employee_id` bigint NOT NULL AUTO_INCREMENT,
  `created_by` varchar(255) DEFAULT NULL,
  `created_date` datetime NOT NULL,
  `modified_by` varchar(255) DEFAULT NULL,
  `modified_date` datetime DEFAULT NULL,
  `email` varchar(255) DEFAULT NULL,
  `employee_name` varchar(255) DEFAULT NULL,
  `first_name` varchar(255) DEFAULT NULL,
  `is_active` int DEFAULT NULL,
  `is_deleted` int DEFAULT NULL,
  `last_name` varchar(255) DEFAULT NULL,
  `password` varchar(255) DEFAULT NULL,
  `phone` varchar(255) DEFAULT NULL,
  PRIMARY KEY (`employee_id`)
) ENGINE=MyISAM AUTO_INCREMENT=13 DEFAULT CHARSET=utf8mb4 COLLATE=utf8mb4_0900_ai_ci;
/*!40101 SET character_set_client = @saved_cs_client */;

--
-- Dumping data for table `t_employee`
--

LOCK TABLES `t_employee` WRITE;
/*!40000 ALTER TABLE `t_employee` DISABLE KEYS */;
INSERT INTO `t_employee` VALUES (1,'Kesav','2020-03-16 00:00:00','Kesav','2020-03-16 00:00:00','kesa.hari1@gmail.com','Kesav','kesavalu',1,0,'Ramanujam','$2a$10$mavdT2gzk/D2gWAVL0OE9evy5kBM4L3PkBoFkp0Wg5k8zZEybeoei','9962914099'),(2,'Kesav','2020-03-16 00:00:00','Kesav','2020-03-16 00:00:00','kesavalu@gmail.com','Kesavalu','kesavalu',1,0,'Ramanujam','$2a$10$mavdT2gzk/D2gWAVL0OE9evy5kBM4L3PkBoFkp0Wg5k8zZEybeoei','9962914099'),(3,'sundar','2020-03-30 00:00:00',NULL,'2020-03-30 00:00:00','srisundar89@gmail.com','Sundar','sundar',1,0,'sethu','$2a$10$hatmvNTGCMLYOeHNLhmwx.GbhUOs4SbBIpSGavYmnEw/DG76lzOtS','12345'),(4,NULL,'2020-03-30 00:00:00',NULL,'2020-03-30 00:00:00','srisundar89@g.com ','sundarAdmin','sundar',1,0,'sethu','$2a$10$.ulRmJDfTiJhUpZ.dUAq0uqHR8bi/ouZ/nWjliaBXX5xUGYMLqHXq','12345'),(5,NULL,'2020-03-30 00:00:00',NULL,'2020-03-30 00:00:00','premkmr498@g.com','PremAdmin','prem',1,0,'kumar','$2a$10$x1GrJe2KiMB2SJscK/PzceteRkjW951kgAWhJgP7qCddSX0kHpJT6','12345'),(6,NULL,'2020-03-30 00:00:00',NULL,'2020-03-30 00:00:00','premkmr498@gmail.com','Prem','prem',1,0,'kumar','$2a$10$MQPWYPp.r6YyMRHLeHTiYu7.dXxi2v5hXwl42Dyfu07v73C1OZLJO','12345'),(7,NULL,'2020-03-30 00:00:00',NULL,'2020-03-30 00:00:00','test@gmail.com','test','test',1,0,'test','$2a$10$cgRpls48/9G9FVKx98o6puy/mna5AnVihCtqfx/jlM.KSrCPtz6Ba','12345'),(8,NULL,'2020-03-30 00:00:00',NULL,'2020-03-30 00:00:00','sai@gmail.com','sai','sai',1,0,'sai','$2a$10$bOE8JUvEZ5zinfAyT66AM.FFiBUMWiedaufVirov8QK8M5zCaBj5O','12345'),(9,NULL,'2020-03-30 00:00:00',NULL,'2020-03-30 00:00:00','srini@gmail.com','srini','srini',1,0,'srini','$2a$10$gSEd1iS8BgtocRuHy0E8Re3y2Kaz2v8zgxQRe3EUGBcWEI7i4Nchy','12345');
/*!40000 ALTER TABLE `t_employee` ENABLE KEYS */;
UNLOCK TABLES;

--
-- Table structure for table `t_employee_roles`
--

-- DROP TABLE IF EXISTS `t_employee_roles`;
/*!40101 SET @saved_cs_client     = @@character_set_client */;
/*!50503 SET character_set_client = utf8mb4 */;
CREATE TABLE `t_employee_roles` (
  `employee_id` bigint NOT NULL,
  `role_id` bigint NOT NULL,
  PRIMARY KEY (`employee_id`,`role_id`),
  KEY `FKbc8acovlsj4ppk7idfjt424gs` (`role_id`)
) ENGINE=MyISAM DEFAULT CHARSET=utf8mb4 COLLATE=utf8mb4_0900_ai_ci;
/*!40101 SET character_set_client = @saved_cs_client */;

--
-- Dumping data for table `t_employee_roles`
--

LOCK TABLES `t_employee_roles` WRITE;
/*!40000 ALTER TABLE `t_employee_roles` DISABLE KEYS */;
INSERT INTO `t_employee_roles` VALUES (1,1),(1,2),(2,2),(3,1),(3,2),(4,1),(5,1),(5,2),(6,1),(6,2),(7,1),(7,2),(8,1),(8,2),(9,1),(9,2),(10,1),(10,2),(11,1),(11,2),(12,1),(12,2);
/*!40000 ALTER TABLE `t_employee_roles` ENABLE KEYS */;
UNLOCK TABLES;

--
-- Table structure for table `t_event_participants`
--

-- DROP TABLE IF EXISTS `t_event_participants`;
/*!40101 SET @saved_cs_client     = @@character_set_client */;
/*!50503 SET character_set_client = utf8mb4 */;
CREATE TABLE `t_event_participants` (
  `event_participant_id` bigint NOT NULL AUTO_INCREMENT,
  `created_by` varchar(255) DEFAULT NULL,
  `created_date` datetime NOT NULL,
  `modified_by` varchar(255) DEFAULT NULL,
  `modified_date` datetime DEFAULT NULL,
  `business_unit` varchar(255) DEFAULT NULL,
  `employee_id` bigint DEFAULT NULL,
  `employee_name` varchar(255) DEFAULT NULL,
  `lives_impacted` int DEFAULT NULL,
  `travel_hours` int DEFAULT NULL,
  `volunteer_hours` int DEFAULT NULL,
  `event_id` bigint DEFAULT NULL,
  `status` varchar(45) DEFAULT NULL,
  PRIMARY KEY (`event_participant_id`),
  KEY `FKm8goeqe9in44g4ru045bttnxf` (`event_id`)
) ENGINE=MyISAM AUTO_INCREMENT=2 DEFAULT CHARSET=utf8mb4 COLLATE=utf8mb4_0900_ai_ci;
/*!40101 SET character_set_client = @saved_cs_client */;

--
-- Dumping data for table `t_event_participants`
--

LOCK TABLES `t_event_participants` WRITE;
/*!40000 ALTER TABLE `t_event_participants` DISABLE KEYS */;
INSERT INTO `t_event_participants` VALUES (1,'test','2020-03-17 00:00:00','test','2020-03-17 00:00:00','IT',1,'Kesav',20,5,4,1,'Participated');
/*!40000 ALTER TABLE `t_event_participants` ENABLE KEYS */;
UNLOCK TABLES;

--
-- Table structure for table `t_event_poc_details`
--

-- DROP TABLE IF EXISTS `t_event_poc_details`;
/*!40101 SET @saved_cs_client     = @@character_set_client */;
/*!50503 SET character_set_client = utf8mb4 */;
CREATE TABLE `t_event_poc_details` (
  `event_poc_id` bigint NOT NULL AUTO_INCREMENT,
  `created_by` varchar(255) DEFAULT NULL,
  `created_date` datetime NOT NULL,
  `modified_by` varchar(255) DEFAULT NULL,
  `modified_date` datetime DEFAULT NULL,
  `contact_number` varchar(255) DEFAULT NULL,
  `employee_id` bigint DEFAULT NULL,
  `employee_name` varchar(255) DEFAULT NULL,
  `event_id` bigint DEFAULT NULL,
  `eventpocid` bigint DEFAULT NULL,
  PRIMARY KEY (`event_poc_id`),
  KEY `FKk2a34rtkvjrc6vjkp3ngpwkpq` (`event_id`),
  KEY `FKnoavbgt46ci7kkarqrg9onjcu` (`eventpocid`)
) ENGINE=MyISAM AUTO_INCREMENT=23 DEFAULT CHARSET=utf8mb4 COLLATE=utf8mb4_0900_ai_ci;
/*!40101 SET character_set_client = @saved_cs_client */;

--
-- Dumping data for table `t_event_poc_details`
--

LOCK TABLES `t_event_poc_details` WRITE;
/*!40000 ALTER TABLE `t_event_poc_details` DISABLE KEYS */;
INSERT INTO `t_event_poc_details` VALUES (1,NULL,'2020-03-17 18:38:04',NULL,'2020-03-17 18:38:04','9.962914099E9',123456,'Kesav',1,1),(2,NULL,'2020-03-17 18:38:04',NULL,'2020-03-17 18:38:04','9962914099',123456,'Kesav',2,2),(3,NULL,'2020-03-17 18:38:04',NULL,'2020-03-17 18:38:04','9884565198',654321,'prem',2,2),(4,NULL,'2020-03-17 18:38:04',NULL,'2020-03-17 18:38:04','9962914099',123456,'Kesav',3,3),(5,NULL,'2020-03-17 18:38:04',NULL,'2020-03-17 18:38:04','9884565198',654321,'premkumar',3,3),(6,NULL,'2020-03-17 18:38:04',NULL,'2020-03-17 18:38:04','9962914099',123456,'Kesav',4,4),(7,NULL,'2020-03-17 18:38:04',NULL,'2020-03-17 18:38:04','9884565198',654321,'premkumar',4,4),(8,NULL,'2020-03-17 18:38:04',NULL,'2020-03-17 18:38:04','9884565198',654321,'premkumar',5,5),(9,NULL,'2020-03-17 18:38:04',NULL,'2020-03-17 18:38:04','9962914099',123456,'Kesav',5,5),(10,NULL,'2020-03-17 18:38:04',NULL,'2020-03-17 18:38:04','9884565198',654321,'premkumar',6,6),(11,NULL,'2020-03-17 18:38:04',NULL,'2020-03-17 18:38:04','9962914099',123456,'Kesav',6,6),(12,NULL,'2020-03-17 18:38:04',NULL,'2020-03-17 18:38:04','9884565198',654321,'premkumar',7,7),(13,NULL,'2020-03-17 18:38:04',NULL,'2020-03-17 18:38:04','9962914099',123456,'Kesav',7,7),(14,NULL,'2020-03-17 18:38:04',NULL,'2020-03-17 18:38:04','9962914099',123456,'Kesav',8,8),(15,NULL,'2020-03-17 18:38:04',NULL,'2020-03-17 18:38:04','9884565198',654321,'premkumar',8,8),(16,NULL,'2020-03-17 18:38:04',NULL,'2020-03-17 18:38:04','9884565198',654321,'premkumar',9,9),(17,NULL,'2020-03-17 18:38:04',NULL,'2020-03-17 18:38:04','9962914099',123456,'Kesav',9,9),(18,NULL,'2020-03-17 18:38:04',NULL,'2020-03-17 18:38:04','9962914099',123456,'Kesav',10,10),(19,NULL,'2020-03-17 18:38:04',NULL,'2020-03-17 18:38:04','9884565198',654321,'premkumar',10,10),(20,NULL,'2020-03-17 18:38:04',NULL,'2020-03-17 18:38:04','99401231',123441,'sundar',11,11),(21,NULL,'2020-03-17 18:38:04',NULL,'2020-03-17 18:38:04','9884565198',654321,'premkumar',11,11),(22,NULL,'2020-03-17 18:38:04',NULL,'2020-03-17 18:38:04','9962914099',123456,'Kesav',11,11);
/*!40000 ALTER TABLE `t_event_poc_details` ENABLE KEYS */;
UNLOCK TABLES;

--
-- Table structure for table `t_events`
--

-- DROP TABLE IF EXISTS `t_events`;
/*!40101 SET @saved_cs_client     = @@character_set_client */;
/*!50503 SET character_set_client = utf8mb4 */;
CREATE TABLE `t_events` (
  `event_id` bigint NOT NULL AUTO_INCREMENT,
  `created_by` varchar(255) DEFAULT NULL,
  `created_date` datetime NOT NULL,
  `modified_by` varchar(255) DEFAULT NULL,
  `modified_date` datetime DEFAULT NULL,
  `activity_type` int DEFAULT NULL,
  `base_location` varchar(255) DEFAULT NULL,
  `beneficiary` varchar(255) DEFAULT NULL,
  `category` varchar(255) DEFAULT NULL,
  `council` varchar(255) DEFAULT NULL,
  `event_date` datetime DEFAULT NULL,
  `event_description` varchar(500) DEFAULT NULL,
  `event_name` varchar(100) NOT NULL,
  `event_reference_id` varchar(255) DEFAULT NULL,
  `iiep_category` varchar(255) DEFAULT NULL,
  `lives_impacted` int DEFAULT NULL,
  `overall_volunteer_hours` int DEFAULT NULL,
  `project` varchar(255) DEFAULT NULL,
  `status` varchar(255) DEFAULT NULL,
  `total_travel_hours` int DEFAULT NULL,
  `total_volunteer_hours` int DEFAULT NULL,
  `total_volunteers` int DEFAULT NULL,
  `venue_address` varchar(500) DEFAULT NULL,
  PRIMARY KEY (`event_id`)
) ENGINE=MyISAM AUTO_INCREMENT=12 DEFAULT CHARSET=utf8mb4 COLLATE=utf8mb4_0900_ai_ci;
/*!40101 SET character_set_client = @saved_cs_client */;

--
-- Dumping data for table `t_events`
--

LOCK TABLES `t_events` WRITE;
/*!40000 ALTER TABLE `t_events` DISABLE KEYS */;
INSERT INTO `t_events` VALUES (1,NULL,'2020-03-17 18:38:03',NULL,'2020-03-17 18:38:03',1,'Singapore','KWONG WAI SHIU HOSPITAL','Essentials or relief','Outreach Singapore','2018-12-15 00:00:00','Thank you for all your donations of food items to make this a good Xmas for everyone! Come be a Santa and distribute these Bags of Joy to elderly low income residents in Central Singapore and feel the joy of giving!\n\nFriends and family welcome!','Bags of Joy Distribution','EVNT00047261',NULL,800,130,'Donation or Distribution','Approved',42,88,21,'705, Serangoon Road, Singapore, Singapore, Singapore-328127');
/*!40000 ALTER TABLE `t_events` ENABLE KEYS */;
UNLOCK TABLES;

--
-- Table structure for table `t_feedback`
--

-- DROP TABLE IF EXISTS `t_feedback`;
/*!40101 SET @saved_cs_client     = @@character_set_client */;
/*!50503 SET character_set_client = utf8mb4 */;
CREATE TABLE `t_feedback` (
  `feedback_id` int NOT NULL AUTO_INCREMENT,
  `employee_id` int DEFAULT NULL,
  `event_id` int DEFAULT NULL,
  `question_id` int DEFAULT NULL,
  `answer` varchar(500) DEFAULT NULL,
  `created_by` varchar(255) DEFAULT NULL,
  `created_date` datetime DEFAULT NULL,
  `modified_by` varchar(255) DEFAULT NULL,
  `modified_date` datetime DEFAULT NULL,
  PRIMARY KEY (`feedback_id`)
) ENGINE=InnoDB AUTO_INCREMENT=6 DEFAULT CHARSET=utf8mb4 COLLATE=utf8mb4_0900_ai_ci COMMENT='Feedback  of events from all the participants.';
/*!40101 SET character_set_client = @saved_cs_client */;

--
-- Dumping data for table `t_feedback`
--

LOCK TABLES `t_feedback` WRITE;
/*!40000 ALTER TABLE `t_feedback` DISABLE KEYS */;
INSERT INTO `t_feedback` VALUES (3,1,1,12,'answer3',NULL,'2020-04-02 02:01:44',NULL,'2020-04-02 02:01:44'),(4,1,1,13,'testing answer2',NULL,'2020-04-02 02:01:44',NULL,'2020-04-02 02:01:44'),(5,1,1,14,'answer1,answer4',NULL,'2020-04-02 02:01:44',NULL,'2020-04-02 02:01:44');
/*!40000 ALTER TABLE `t_feedback` ENABLE KEYS */;
UNLOCK TABLES;

--
-- Table structure for table `t_feedback_type`
--

-- DROP TABLE IF EXISTS `t_feedback_type`;
/*!40101 SET @saved_cs_client     = @@character_set_client */;
/*!50503 SET character_set_client = utf8mb4 */;
CREATE TABLE `t_feedback_type` (
  `feedback_type_id` int NOT NULL,
  `type` varchar(45) NOT NULL,
  `created_by` varchar(255) DEFAULT NULL,
  `created_date` datetime DEFAULT NULL,
  `modified_by` varchar(255) DEFAULT NULL,
  `modified_date` datetime DEFAULT NULL
);
/*!40101 SET character_set_client = @saved_cs_client */;

--
-- Dumping data for table `t_feedback_type`
--

LOCK TABLES `t_feedback_type` WRITE;
/*!40000 ALTER TABLE `t_feedback_type` DISABLE KEYS */;
INSERT INTO `t_feedback_type` VALUES (1,'Participated','Kesav','2020-03-16 00:00:00','Kesav','2020-03-16 00:00:00'),(2,'Not-Participated','Kesav','2020-03-16 00:00:00','Kesav','2020-03-16 00:00:00'),(3,'Unregistered','Kesav','2020-03-16 00:00:00','Kesav','2020-03-16 00:00:00');
/*!40000 ALTER TABLE `t_feedback_type` ENABLE KEYS */;
UNLOCK TABLES;

--
-- Table structure for table `t_question`
--

-- DROP TABLE IF EXISTS `t_question`;
/*!40101 SET @saved_cs_client     = @@character_set_client */;
/*!50503 SET character_set_client = utf8mb4 */;
CREATE TABLE `t_question` (
  `question_id` int NOT NULL AUTO_INCREMENT,
  `question` varchar(500) NOT NULL,
  `question_short_desc` varchar(20) NOT NULL,
  `feedback_type` int DEFAULT NULL,
  `total_answers` int DEFAULT '0',
  `is_free_text` tinyint DEFAULT '0',
  `is_multi_ans_allowed` tinyint DEFAULT '0',
  `is_custom_question` tinyint DEFAULT '0',
  `created_by` varchar(255) DEFAULT NULL,
  `created_date` datetime DEFAULT NULL,
  `modified_by` varchar(255) DEFAULT NULL,
  `modified_date` datetime DEFAULT NULL,
  `is_deleted` tinyint DEFAULT '0',
  PRIMARY KEY (`question_id`)
) ENGINE=InnoDB AUTO_INCREMENT=15 DEFAULT CHARSET=utf8mb4 COLLATE=utf8mb4_0900_ai_ci COMMENT='questions for feedback';
/*!40101 SET character_set_client = @saved_cs_client */;

--
-- Dumping data for table `t_question`
--

LOCK TABLES `t_question` WRITE;
/*!40000 ALTER TABLE `t_question` DISABLE KEYS */;
INSERT INTO `t_question` VALUES (2,'how was the event','events -',1,6,0,0,0,NULL,'2020-03-30 00:39:41',NULL,'2020-03-30 00:39:41',0),(3,'Quick Question-updated','Quick',1,2,0,0,0,NULL,'2020-03-30 00:55:33',NULL,'2020-03-30 01:08:05',0),(5,'my testing question 2','question2',3,2,0,1,0,NULL,'2020-03-31 23:16:26',NULL,'2020-03-31 23:16:26',0),(6,'how was the event conducted by sundarajan','event sundar',3,3,1,0,0,NULL,'2020-04-01 00:10:04',NULL,'2020-04-01 23:27:09',0),(7,'asdf','asdf',1,1,0,0,0,NULL,'2020-04-01 00:21:13',NULL,'2020-04-01 00:21:13',0),(8,'test','test',1,1,1,0,0,NULL,'2020-04-01 00:35:41',NULL,'2020-04-01 00:35:41',0),(11,'how was the event conducted by prem?','prem event',1,4,0,0,0,NULL,'2020-04-01 23:07:33',NULL,'2020-04-02 00:11:08',0),(12,'How was the event conducted by sundar -updated?','sundar event - ',2,0,1,0,0,NULL,'2020-04-02 00:12:59',NULL,'2020-04-02 00:31:13',0),(13,'This is one more question - testing?','test',2,2,0,0,0,NULL,'2020-04-02 00:17:16',NULL,'2020-04-02 00:17:16',0),(14,'mutiple answer question','multi',2,4,0,1,0,NULL,'2020-04-02 00:41:27',NULL,'2020-04-02 00:41:27',0);
/*!40000 ALTER TABLE `t_question` ENABLE KEYS */;
UNLOCK TABLES;

--
-- Table structure for table `t_question_answer`
--

-- DROP TABLE IF EXISTS `t_question_answer`;
/*!40101 SET @saved_cs_client     = @@character_set_client */;
/*!50503 SET character_set_client = utf8mb4 */;
CREATE TABLE `t_question_answer` (
  `question_answer_id` int NOT NULL AUTO_INCREMENT,
  `answer` varchar(500) NOT NULL,
  `question_id` int DEFAULT NULL,
  `created_by` varchar(255) DEFAULT NULL,
  `created_date` datetime DEFAULT NULL,
  `modified_by` varchar(255) DEFAULT NULL,
  `modified_date` datetime DEFAULT NULL,
  PRIMARY KEY (`question_answer_id`)
) ENGINE=InnoDB AUTO_INCREMENT=121 DEFAULT CHARSET=utf8mb4 COLLATE=utf8mb4_0900_ai_ci COMMENT='table for options for the question';
/*!40101 SET character_set_client = @saved_cs_client */;

--
-- Dumping data for table `t_question_answer`
--

LOCK TABLES `t_question_answer` WRITE;
/*!40000 ALTER TABLE `t_question_answer` DISABLE KEYS */;
INSERT INTO `t_question_answer` VALUES (2,'is it okay - 1',2,NULL,'2020-03-30 00:39:41',NULL,'2020-03-30 00:39:41'),(3,'is it okay - 2',2,NULL,'2020-03-30 00:39:41',NULL,'2020-03-30 00:39:41'),(4,'is it okay - 3',2,NULL,'2020-03-30 00:39:41',NULL,'2020-03-30 00:39:41'),(5,'is it okay - 4',2,NULL,'2020-03-30 00:39:41',NULL,'2020-03-30 00:39:41'),(6,'is it okay - 5',2,NULL,'2020-03-30 00:39:41',NULL,'2020-03-30 00:39:41'),(7,'answer1-updated-1',3,NULL,'2020-03-30 00:55:33',NULL,'2020-03-30 01:08:05'),(10,'answer2',3,NULL,'2020-03-30 01:08:05',NULL,'2020-03-30 01:08:05'),(12,'answer1',5,NULL,'2020-03-31 23:16:26',NULL,'2020-03-31 23:16:26'),(13,'answer2',5,NULL,'2020-03-31 23:16:26',NULL,'2020-03-31 23:16:26'),(43,'test',7,NULL,'2020-04-01 00:21:13',NULL,'2020-04-01 00:21:13'),(44,'answer2',8,NULL,'2020-04-01 00:35:41',NULL,'2020-04-01 00:35:41'),(90,'sundar answer1',6,NULL,'2020-04-01 23:27:09',NULL,'2020-04-01 23:27:09'),(91,'sundar answer2',6,NULL,'2020-04-01 23:27:09',NULL,'2020-04-01 23:27:09'),(92,'sundar answer3',6,NULL,'2020-04-01 23:27:09',NULL,'2020-04-01 23:27:09'),(105,'Excellent',11,NULL,'2020-04-02 00:11:08',NULL,'2020-04-02 00:11:08'),(106,'Good',11,NULL,'2020-04-02 00:11:08',NULL,'2020-04-02 00:11:08'),(107,'Okay',11,NULL,'2020-04-02 00:11:08',NULL,'2020-04-02 00:11:08'),(108,'Poor',11,NULL,'2020-04-02 00:11:08',NULL,'2020-04-02 00:11:08'),(115,'testing answer1',13,NULL,'2020-04-02 00:17:16',NULL,'2020-04-02 00:17:16'),(116,'testing answer2',13,NULL,'2020-04-02 00:17:16',NULL,'2020-04-02 00:17:16'),(117,'answer1',14,NULL,'2020-04-02 00:41:27',NULL,'2020-04-02 00:41:27'),(118,'answer2',14,NULL,'2020-04-02 00:41:27',NULL,'2020-04-02 00:41:27'),(119,'answer3',14,NULL,'2020-04-02 00:41:27',NULL,'2020-04-02 00:41:27'),(120,'answer4',14,NULL,'2020-04-02 00:41:27',NULL,'2020-04-02 00:41:27');
/*!40000 ALTER TABLE `t_question_answer` ENABLE KEYS */;
UNLOCK TABLES;

--
-- Table structure for table `t_role`
--

-- DROP TABLE IF EXISTS `t_role`;
/*!40101 SET @saved_cs_client     = @@character_set_client */;
/*!50503 SET character_set_client = utf8mb4 */;
CREATE TABLE `t_role` (
  `role_id` bigint NOT NULL AUTO_INCREMENT,
  `created_by` varchar(255) DEFAULT NULL,
  `created_date` datetime NOT NULL,
  `modified_by` varchar(255) DEFAULT NULL,
  `modified_date` datetime DEFAULT NULL,
  `description` varchar(255) DEFAULT NULL,
  `role_name` varchar(255) DEFAULT NULL,
  PRIMARY KEY (`role_id`)
) ENGINE=MyISAM AUTO_INCREMENT=5 DEFAULT CHARSET=utf8mb4 COLLATE=utf8mb4_0900_ai_ci;
/*!40101 SET character_set_client = @saved_cs_client */;

--
-- Dumping data for table `t_role`
--

LOCK TABLES `t_role` WRITE;
/*!40000 ALTER TABLE `t_role` DISABLE KEYS */;
INSERT INTO `t_role` VALUES (1,'kesav','2020-03-17 00:00:00','kesav','2020-03-17 00:00:00','Role for admin','ADMIN'),(2,'kesav','2020-03-17 00:00:00','kesav','2020-03-17 00:00:00','Role for PMO','PMO'),(3,'kesav ','2020-03-17 00:00:00','kesav','2020-03-17 00:00:00','Role for POC','POC'),(4,'kesav','2020-03-17 00:00:00','kesav','2020-03-17 00:00:00','Role for Employee','EMPLOYEE');
/*!40000 ALTER TABLE `t_role` ENABLE KEYS */;
UNLOCK TABLES;

--
-- Dumping events for database 'fms'
--

--
-- Dumping routines for database 'fms'
--
/*!40103 SET TIME_ZONE=@OLD_TIME_ZONE */;

/*!40101 SET SQL_MODE=@OLD_SQL_MODE */;
/*!40014 SET FOREIGN_KEY_CHECKS=@OLD_FOREIGN_KEY_CHECKS */;
/*!40014 SET UNIQUE_CHECKS=@OLD_UNIQUE_CHECKS */;
/*!40101 SET CHARACTER_SET_CLIENT=@OLD_CHARACTER_SET_CLIENT */;
/*!40101 SET CHARACTER_SET_RESULTS=@OLD_CHARACTER_SET_RESULTS */;
/*!40101 SET COLLATION_CONNECTION=@OLD_COLLATION_CONNECTION */;
/*!40111 SET SQL_NOTES=@OLD_SQL_NOTES */;

-- Dump completed on 2020-04-08  8:52:23
